"NocturnalBoundaryLayer",1,0.5,#236989,"NocturnalBoundaryLayer"
"Shield",5,0.5,#841782,"Shield"
"OuterLayer",2,0.5,#481768,"OuterLayer"
"EarthAtmosphereMesoscale",1,0.5,#943830,"EarthAtmosphereMesoscale"
"Shoreline",39,0.5,#220142,"Shoreline"
"Tidal",47,0.5,#840123,"Tidal"
"GeologicProvince",2,0.5,#472763,"GeologicProvince"
"Summit",3,0.5,#952787,"Summit"
"AridClimate",1,0.5,#773864,"AridClimate"
"Alfisol",1,0.5,#958495,"Alfisol"
"Clot",16,0.5,#565256,"Clot"
"StateForest",2,0.5,#892656,"StateForest"
"Orogeny",1,0.5,#223315,"Orogeny"
"Pass",120,0.5,#632990,"Pass"
"Porphyroblast",1,0.5,#677968,"Porphyroblast"
"EarthUpperMantle",1,0.5,#557979,"EarthUpperMantle"
"Vein",74,0.5,#439231,"Vein"
"ResidualLayer",1,0.5,#223386,"ResidualLayer"
"Aridisol",1,0.5,#231635,"Aridisol"
"NegativeSlope",1,0.5,#963488,"NegativeSlope"
"TillPlain",2,0.5,#112416,"TillPlain"
"Glacier",208,0.5,#368409,"Glacier"
"SuccessorBasin",1,0.5,#140984,"SuccessorBasin"
"Submarine",36,0.5,#315429,"Submarine"
"AlluvialFan",2,0.5,#455917,"AlluvialFan"
"CongelationIce",1,0.5,#570255,"CongelationIce"
"CaliforniaCurrent",2,0.5,#886515,"CaliforniaCurrent"
"Protrusion",3,0.5,#264400,"Protrusion"
"Park",44,0.5,#432696,"Park"
"TransitionalCrust",1,0.5,#133714,"TransitionalCrust"
"contains",382,0.5,#317547,"contains"
"Footwall",1,0.5,#788563,"Footwall"
"hasOuterBoundary",1,0.5,#446192,"hasOuterBoundary"
"Halocline",31,0.5,#151385,"Halocline"
"Cfc",77,0.5,#676392,"Cfc"
"Pycnocline",33,0.5,#652632,"Pycnocline"
"Megacryst",1,0.5,#643290,"Megacryst"
"Satellite",418,0.5,#769664,"Satellite"
"Reservoir",19,0.5,#348328,"Reservoir"
"GeosphereLayer",1,0.5,#884747,"GeosphereLayer"
"Orogen",2,0.5,#881104,"Orogen"
"BodyOfWater",5,0.5,#862286,"BodyOfWater"
"Weathering",40,0.5,#854917,"Weathering"
"revolvesAround",2,0.5,#796323,"revolvesAround"
"Tacocline",1,0.5,#539243,"Tacocline"
"PlanetarySurface",3,0.5,#209896,"PlanetarySurface"
"Arete",10,0.5,#839808,"Arete"
"Laplacian",1,0.5,#422764,"Laplacian"
"AbyssalHill",31,0.5,#167357,"AbyssalHill"
"Cover",796,0.5,#951924,"Cover"
"Delta",41,0.5,#356776,"Delta"
"OceanTide",3,0.5,#151688,"OceanTide"
"Marsh",361,0.5,#567539,"Marsh"
"DotProduct",1,0.5,#321749,"DotProduct"
"OuterCore",2,0.5,#131201,"OuterCore"
"TropicalForest",18,0.5,#669417,"TropicalForest"
"Aeolian",40,0.5,#133978,"Aeolian"
"PedestalCrater",1,0.5,#947099,"PedestalCrater"
"StellarCore",1,0.5,#690664,"StellarCore"
"Global",962,0.5,#532308,"Global"
"Shore",57,0.5,#140267,"Shore"
"LabradorCurrent",1,0.5,#317235,"LabradorCurrent"
"hasRock",2,0.5,#741592,"hasRock"
"AeolianLandform",36,0.5,#631840,"AeolianLandform"
"LandIce",21,0.5,#976520,"LandIce"
"Dike",4,0.5,#1006391,"Dike"
"Equatorial",343,0.5,#222837,"Equatorial"
"TectonicLandform",36,0.5,#342949,"TectonicLandform"
"Doldrums",2,0.5,#861419,"Doldrums"
"WellMixedLayer",1,0.5,#167553,"WellMixedLayer"
"Fissure",4,0.5,#754236,"Fissure"
"LatitudeBand",6,0.5,#363013,"LatitudeBand"
"derivativeWithRespectTo",1,0.5,#113928,"derivativeWithRespectTo"
"RadiationBelt",5,0.5,#249103,"RadiationBelt"
"Vegetation",492,0.5,#525239,"Vegetation"
"Irregular",13,0.5,#321640,"Irregular"
"DesertClimateZone",1,0.5,#983078,"DesertClimateZone"
"ContinentalCrust",3,0.5,#364327,"ContinentalCrust"
"Savanna",87,0.5,#317158,"Savanna"
"ScalarFieldOperation",1,0.5,#453184,"ScalarFieldOperation"
"ElectronTemperature",2,0.5,#579801,"ElectronTemperature"
"UnconfinedAquifer",2,0.5,#439657,"UnconfinedAquifer"
"Protomatrix",1,0.5,#861224,"Protomatrix"
"MathematicalProcess",2,0.5,#420337,"MathematicalProcess"
"Epimatrix",1,0.5,#684596,"Epimatrix"
"Mouth",18,0.5,#125134,"Mouth"
"SquareRoot",5,0.5,#900413,"SquareRoot"
"Electron",345,0.5,#216718,"Electron"
"hasAxis",1,0.5,#748376,"hasAxis"
"AlpineTundra",3,0.5,#212586,"AlpineTundra"
"AstronomicalBody",1,0.5,#324072,"AstronomicalBody"
"OrderedTriple",1,0.5,#106942,"OrderedTriple"
"EarthAtmosphereSynopticScale",1,0.5,#651458,"EarthAtmosphereSynopticScale"
"RockConstituent",1,0.5,#547412,"RockConstituent"
"StatePark",2,0.5,#551382,"StatePark"
"Lagoon",33,0.5,#432640,"Lagoon"
"Porphyroclast",1,0.5,#239451,"Porphyroclast"
"AnnualAverage",1,0.5,#858576,"AnnualAverage"
"Extraterrestrial",6,0.5,#125166,"Extraterrestrial"
"Hummock",2,0.5,#754566,"Hummock"
"OceanRidge",32,0.5,#144731,"OceanRidge"
"ArmouredRelictCrystal",1,0.5,#427303,"ArmouredRelictCrystal"
"isAdjacentTo",2,0.5,#570730,"isAdjacentTo"
"FrazilIce",1,0.5,#121302,"FrazilIce"
"WarmestMonthTemperature",1,0.5,#893404,"WarmestMonthTemperature"
"ForeArc",1,0.5,#684605,"ForeArc"
"Groundmass",1,0.5,#165159,"Groundmass"
"hasCommon",1,0.5,#138123,"hasCommon"
"WarmPool",3,0.5,#788690,"WarmPool"
"TransformFault",2,0.5,#868872,"TransformFault"
"IntertropicalConvergenceZone",3,0.5,#220017,"IntertropicalConvergenceZone"
"Elevation",391,0.5,#138141,"Elevation"
"DriftIce",2,0.5,#106303,"DriftIce"
"Tropopause",59,0.5,#769752,"Tropopause"
"TropicalSavannaClimate",1,0.5,#265118,"TropicalSavannaClimate"
"AntennaTemperature",3,0.5,#957704,"AntennaTemperature"
"SparseTrees",1,0.5,#468769,"SparseTrees"
"Sediment",419,0.5,#546104,"Sediment"
"ConfinedBed",1,0.5,#271984,"ConfinedBed"
"Alpine",94,0.5,#368012,"Alpine"
"hasMeteorologicalPhenomena",1,0.5,#899952,"hasMeteorologicalPhenomena"
"EarthELayer",1,0.5,#839784,"EarthELayer"
"hasSubstance",1,0.5,#467176,"hasSubstance"
"Square",26,0.5,#420070,"Square"
"OceanArea",5,0.5,#989736,"OceanArea"
"Aquitard",1,0.5,#655801,"Aquitard"
"NeutralTemperature",2,0.5,#881612,"NeutralTemperature"
"Trough",10,0.5,#782015,"Trough"
"EarthThermosphere",1,0.5,#651430,"EarthThermosphere"
"hasPhenomena",1,0.5,#163904,"hasPhenomena"
"UpperMantle",1,0.5,#528218,"UpperMantle"
"Erg",727,0.5,#546139,"Erg"
"Summation",1,0.5,#108191,"Summation"
"Montane",72,0.5,#683622,"Montane"
"HydrothermalVent",32,0.5,#223824,"HydrothermalVent"
"Margin",106,0.5,#347403,"Margin"
"Mixing",36,0.5,#658260,"Mixing"
"BarrierLayer",1,0.5,#970353,"BarrierLayer"
"UnaryOperation",1,0.5,#331090,"UnaryOperation"
"Troposphere",42,0.5,#315607,"Troposphere"
"SurfaceWater",205,0.5,#774733,"SurfaceWater"
"hasClimateZone",1,0.5,#681576,"hasClimateZone"
"BackArc",1,0.5,#790352,"BackArc"
"Slope",102,0.5,#977825,"Slope"
"Karst",79,0.5,#125887,"Karst"
"Normalization",6,0.5,#165181,"Normalization"
"ConeOfImpression",1,0.5,#782466,"ConeOfImpression"
"IntertidalZone",31,0.5,#996799,"IntertidalZone"
"Andisol",1,0.5,#139725,"Andisol"
"SurfaceSoil",12,0.5,#539934,"SurfaceSoil"
"MiddleAtmosphere",7,0.5,#645557,"MiddleAtmosphere"
"TranspressionalBasin",1,0.5,#985498,"TranspressionalBasin"
"OceanicPlateau",1,0.5,#848373,"OceanicPlateau"
"Vug",20,0.5,#992872,"Vug"
"Overgrowth",2,0.5,#639059,"Overgrowth"
"Layer",229,0.5,#163845,"Layer"
"Sandur",3,0.5,#664104,"Sandur"
"VadoseZone",2,0.5,#212776,"VadoseZone"
"Tunnel",6,0.5,#546026,"Tunnel"
"BenthicZone",1,0.5,#158246,"BenthicZone"
"Subsoil",4,0.5,#230425,"Subsoil"
"SeasonalIce",2,0.5,#992211,"SeasonalIce"
"Differentiation",4,0.5,#861136,"Differentiation"
"Bolson",1,0.5,#370030,"Bolson"
"Galaxy",5,0.5,#571069,"Galaxy"
"partOf",178,0.5,#478605,"partOf"
"NorthLatitudeBand",1,0.5,#268936,"NorthLatitudeBand"
"EarthWesternBoundaryCurrent",1,0.5,#439966,"EarthWesternBoundaryCurrent"
"Boundary",130,0.5,#946176,"Boundary"
"LargeIgneousProvince",1,0.5,#976648,"LargeIgneousProvince"
"IndianOceanGyre",1,0.5,#544132,"IndianOceanGyre"
"SoftXRay",1,0.5,#145213,"SoftXRay"
"PlanetaryRealm",1,0.5,#997006,"PlanetaryRealm"
"Watershed",50,0.5,#794247,"Watershed"
"VanAllenBelt",2,0.5,#860984,"VanAllenBelt"
"Taiga",16,0.5,#376041,"Taiga"
"WindChillIndex",1,0.5,#446080,"WindChillIndex"
"ClimateZoneType",1,0.5,#571995,"ClimateZoneType"
"Mantle",10,0.5,#794685,"Mantle"
"GlacialLandform",38,0.5,#369511,"GlacialLandform"
"Strait",11,0.5,#584635,"Strait"
"below",143,0.5,#166119,"below"
"Kame",7,0.5,#743147,"Kame"
"BrazilCurrent",1,0.5,#459329,"BrazilCurrent"
"Geyser",2,0.5,#644411,"Geyser"
"Canyon",36,0.5,#665739,"Canyon"
"Plasmapause",2,0.5,#867745,"Plasmapause"
"Isthmus",5,0.5,#538678,"Isthmus"
"TerrestrialBiome",2,0.5,#662787,"TerrestrialBiome"
"StableContinent",1,0.5,#147892,"StableContinent"
"IceCapClimate",1,0.5,#224571,"IceCapClimate"
"BackArcBasin",1,0.5,#106941,"BackArcBasin"
"UpperMantleFlowing",1,0.5,#855076,"UpperMantleFlowing"
"WindChill",60,0.5,#540037,"WindChill"
"Function",390,0.5,#537922,"Function"
"Borealis",2,0.5,#270498,"Borealis"
"Steppe",3,0.5,#783189,"Steppe"
"ContinentalRift",1,0.5,#976929,"ContinentalRift"
"PlateBoundary",5,0.5,#127798,"PlateBoundary"
"TransitionalLithosphere",1,0.5,#642746,"TransitionalLithosphere"
"ProfundalZone",1,0.5,#966455,"ProfundalZone"
"RoughnessSublayer",1,0.5,#655549,"RoughnessSublayer"
"Crater",4,0.5,#244994,"Crater"
"GlacialRegion",1,0.5,#467153,"GlacialRegion"
"EquivalentTemperature",3,0.5,#584996,"EquivalentTemperature"
"Subsidence",35,0.5,#960256,"Subsidence"
"DryClimate",14,0.5,#455309,"DryClimate"
"IceField",6,0.5,#480296,"IceField"
"GranularFramework",1,0.5,#231481,"GranularFramework"
"Ultisol",1,0.5,#734525,"Ultisol"
"SolidEarth",563,0.5,#578767,"SolidEarth"
"IonizedState",1,0.5,#147225,"IonizedState"
"Desert",107,0.5,#356923,"Desert"
"Quotient",1,0.5,#330765,"Quotient"
"OpenOcean",8,0.5,#645288,"OpenOcean"
"WaterTable",3,0.5,#788662,"WaterTable"
"IntraArcBasin",1,0.5,#741890,"IntraArcBasin"
"Ground",479,0.5,#632482,"Ground"
"EarthFLayer",1,0.5,#331150,"EarthFLayer"
"Supratidal",1,0.5,#250406,"Supratidal"
"CountyPark",1,0.5,#153250,"CountyPark"
"OutwashFan",2,0.5,#330355,"OutwashFan"
"Cavity",14,0.5,#369642,"Cavity"
"Turbulence",90,0.5,#364186,"Turbulence"
"Mesa",28,0.5,#682917,"Mesa"
"GroundwaterLevel",3,0.5,#893952,"GroundwaterLevel"
"RaisedBog",1,0.5,#167305,"RaisedBog"
"FloodPlain",5,0.5,#945384,"FloodPlain"
"Thermocline",39,0.5,#119280,"Thermocline"
"Phenocryst",1,0.5,#858938,"Phenocryst"
"Spring",58,0.5,#663718,"Spring"
"Heat",310,0.5,#340917,"Heat"
"Arc",1074,0.5,#632245,"Arc"
"Comet",11,0.5,#585358,"Comet"
"BenguelaCurrent",1,0.5,#271239,"BenguelaCurrent"
"Snout",3,0.5,#859168,"Snout"
"OceanFloor",5,0.5,#367004,"OceanFloor"
"Ridge",120,0.5,#538687,"Ridge"
"MarineProtectedArea",2,0.5,#963595,"MarineProtectedArea"
"FloatingClast",1,0.5,#558925,"FloatingClast"
"Bank",77,0.5,#166733,"Bank"
"Hill",134,0.5,#580516,"Hill"
"Solid",631,0.5,#782779,"Solid"
"Sill",43,0.5,#945443,"Sill"
"hasGeologicProvince",1,0.5,#265485,"hasGeologicProvince"
"PacificOcean",291,0.5,#461421,"PacificOcean"
"Star",626,0.5,#218432,"Star"
"SandDune",3,0.5,#866387,"SandDune"
"AlgalFlat",1,0.5,#757510,"AlgalFlat"
"IceFloe",32,0.5,#433881,"IceFloe"
"ActiveLayer",54,0.5,#964711,"ActiveLayer"
"Gradient",27,0.5,#690011,"Gradient"
"LittoralZone",1,0.5,#899097,"LittoralZone"
"BorealForest",18,0.5,#362272,"BorealForest"
"Abyssal",33,0.5,#433133,"Abyssal"
"UnsaturatedZone",5,0.5,#872459,"UnsaturatedZone"
"Advection",37,0.5,#538867,"Advection"
"CrossProduct",1,0.5,#754690,"CrossProduct"
"SkinLayer",1,0.5,#534360,"SkinLayer"
"ContinentalShelf",38,0.5,#239344,"ContinentalShelf"
"ArcAxis",1,0.5,#147866,"ArcAxis"
"hasInput",1,0.5,#945491,"hasInput"
"Tube",14,0.5,#537943,"Tube"
"DryBulbTemperature",1,0.5,#126393,"DryBulbTemperature"
"Biota",391,0.5,#986912,"Biota"
"Basement",4,0.5,#337547,"Basement"
"AsymmetricHeatFlow",1,0.5,#479243,"AsymmetricHeatFlow"
"PelagicZone",1,0.5,#584331,"PelagicZone"
"Inlet",37,0.5,#462187,"Inlet"
"PackIce",32,0.5,#899131,"PackIce"
"Beach",234,0.5,#744254,"Beach"
"Barchan",2,0.5,#324227,"Barchan"
"Paleosol",16,0.5,#249994,"Paleosol"
"Anthropogenic",27,0.5,#448154,"Anthropogenic"
"OrderedPair",1,0.5,#462139,"OrderedPair"
"Craton",4,0.5,#367087,"Craton"
"NeutralState",1,0.5,#269319,"NeutralState"
"ConfinedUnit",1,0.5,#151335,"ConfinedUnit"
"Regolith",1,0.5,#210970,"Regolith"
"ScalarValuedOperation",1,0.5,#125472,"ScalarValuedOperation"
"RainShadow",2,0.5,#480289,"RainShadow"
"AntarcticCircumpolarCurrent",1,0.5,#554331,"AntarcticCircumpolarCurrent"
"Mollisol",2,0.5,#643202,"Mollisol"
"Region",822,0.5,#239211,"Region"
"AphoticZone",2,0.5,#874114,"AphoticZone"
"Wildlands",3,0.5,#367598,"Wildlands"
"ITCZ",6,0.5,#736208,"ITCZ"
"Thermosphere",26,0.5,#328920,"Thermosphere"
"Mare",24,0.5,#839505,"Mare"
"CascadingWater",1,0.5,#578029,"CascadingWater"
"Fracture",35,0.5,#350781,"Fracture"
"WaterTableAquifer",1,0.5,#741789,"WaterTableAquifer"
"VectorFieldOperation",1,0.5,#361322,"VectorFieldOperation"
"Mountain",38,0.5,#851968,"Mountain"
"SurfaceIntegral",1,0.5,#744346,"SurfaceIntegral"
"SouthernHemisphere",44,0.5,#737112,"SouthernHemisphere"
"IntracratonicBasin",1,0.5,#105677,"IntracratonicBasin"
"ForeArcBasin",1,0.5,#237262,"ForeArcBasin"
"Laccolith",1,0.5,#852045,"Laccolith"
"HangingWall",1,0.5,#639423,"HangingWall"
"Sample",3809,0.5,#271590,"Sample"
"Orographic",7,0.5,#534687,"Orographic"
"FreshwaterEcosystem",2,0.5,#137819,"FreshwaterEcosystem"
"hasSpatialExtent",1,0.5,#629148,"hasSpatialExtent"
"ThrustSystem",1,0.5,#551869,"ThrustSystem"
"Austral",426,0.5,#230736,"Austral"
"Continent",570,0.5,#875125,"Continent"
"FreeTroposphere",11,0.5,#881901,"FreeTroposphere"
"Iceberg",40,0.5,#735029,"Iceberg"
"LatitudeLine",1,0.5,#761992,"LatitudeLine"
"SedimentFormation",1,0.5,#243866,"SedimentFormation"
"IndefiniteIntegral",1,0.5,#879220,"IndefiniteIntegral"
"CheckDam",1,0.5,#875421,"CheckDam"
"HardXRay",1,0.5,#361014,"HardXRay"
"MPA",795,0.5,#787032,"MPA"
"ContinentalSlope",3,0.5,#841858,"ContinentalSlope"
"RemnantArc",1,0.5,#891853,"RemnantArc"
"Geosphere",5,0.5,#743552,"Geosphere"
"EarthIonosphere",1,0.5,#459707,"EarthIonosphere"
"PiedmontSlope",1,0.5,#441563,"PiedmontSlope"
"Spodosol",1,0.5,#355618,"Spodosol"
"EarthAtmosphere",3,0.5,#354851,"EarthAtmosphere"
"Polynya",36,0.5,#656779,"Polynya"
"EarthLithosphere",1,0.5,#547642,"EarthLithosphere"
"TensorFieldOperation",1,0.5,#533800,"TensorFieldOperation"
"NuclearFusion",1,0.5,#150890,"NuclearFusion"
"Matrix",12,0.5,#434203,"Matrix"
"Fiord",1,0.5,#749364,"Fiord"
"PseudoEquivalentTemperature",1,0.5,#564873,"PseudoEquivalentTemperature"
"Classification",606,0.5,#342031,"Classification"
"Villages",3,0.5,#854055,"Villages"
"Planet",116,0.5,#211511,"Planet"
"Molasse",1,0.5,#528062,"Molasse"
"TemperatureRange",3,0.5,#213401,"TemperatureRange"
"Stratosphere",42,0.5,#421965,"Stratosphere"
"Seif",11,0.5,#139482,"Seif"
"hasSpatialConfiguration",1,0.5,#774171,"hasSpatialConfiguration"
"Frozen",204,0.5,#892160,"Frozen"
"Photosphere",12,0.5,#474857,"Photosphere"
"DewPointDepression",1,0.5,#226344,"DewPointDepression"
"PotentiometricSurface",1,0.5,#567352,"PotentiometricSurface"
"TropicalMonsoonClimate",1,0.5,#163955,"TropicalMonsoonClimate"
"Creek",4,0.5,#439669,"Creek"
"ValleyBog",1,0.5,#658315,"ValleyBog"
"HotLowLatitudeSteppeClimate",1,0.5,#841963,"HotLowLatitudeSteppeClimate"
"approximates",2,0.5,#867693,"approximates"
"MeltingPoint",2,0.5,#245568,"MeltingPoint"
"MonthlyAverage",11,0.5,#210176,"MonthlyAverage"
"VirtualPotentialTemperature",5,0.5,#209884,"VirtualPotentialTemperature"
"Kimberlite",2,0.5,#992064,"Kimberlite"
"hasGradient",1,0.5,#786436,"hasGradient"
"PotentialTemperature",80,0.5,#788077,"PotentialTemperature"
"OrganicMatter",178,0.5,#428629,"OrganicMatter"
"Cryoturbation",4,0.5,#768133,"Cryoturbation"
"Subtropics",6,0.5,#119424,"Subtropics"
"Fishery",17,0.5,#643920,"Fishery"
"Biome",55,0.5,#893171,"Biome"
"OceanDepth",3,0.5,#881668,"OceanDepth"
"AbyssalTrench",1,0.5,#114381,"AbyssalTrench"
"Lead",289,0.5,#459322,"Lead"
"Ratio",1097,0.5,#998696,"Ratio"
"hasFirstOperand",1,0.5,#551024,"hasFirstOperand"
"Chromosphere",5,0.5,#858653,"Chromosphere"
"DrainageBasin",3,0.5,#859374,"DrainageBasin"
"FastIce",2,0.5,#111826,"FastIce"
"CoastalRegion",7,0.5,#551071,"CoastalRegion"
"ConstantFluxLayer",1,0.5,#559134,"ConstantFluxLayer"
"EarthStratosphere",1,0.5,#526164,"EarthStratosphere"
"JungeAerosolLayer",1,0.5,#775382,"JungeAerosolLayer"
"Dam",296,0.5,#675920,"Dam"
"ParentRock",2,0.5,#656772,"ParentRock"
"InflectionPoint",1,0.5,#369899,"InflectionPoint"
"CoralReef",45,0.5,#157706,"CoralReef"
"Felsic",2,0.5,#737088,"Felsic"
"SeaFloor",208,0.5,#636610,"SeaFloor"
"LimneticZone",1,0.5,#343477,"LimneticZone"
"Abyss",33,0.5,#762887,"Abyss"
"hasDefaultUnit",1,0.5,#637834,"hasDefaultUnit"
"Polar",525,0.5,#854118,"Polar"
"AccumulationZone",3,0.5,#316699,"AccumulationZone"
"Gulley",1,0.5,#743080,"Gulley"
"Oxisol",1,0.5,#545394,"Oxisol"
"WetBulbPotentialTemperature",1,0.5,#858936,"WetBulbPotentialTemperature"
"Mixture",15,0.5,#337602,"Mixture"
"IonTemperature",4,0.5,#127853,"IonTemperature"
"Aquiclude",1,0.5,#138221,"Aquiclude"
"Corona",202,0.5,#525165,"Corona"
"Lowland",142,0.5,#585016,"Lowland"
"Trench",33,0.5,#878779,"Trench"
"Environmental",545,0.5,#544773,"Environmental"
"Rock",355,0.5,#375248,"Rock"
"Channel",3716,0.5,#429096,"Channel"
"SouthLatitudeBand",1,0.5,#1004018,"SouthLatitudeBand"
"hasLowerBoundary",1,0.5,#245976,"hasLowerBoundary"
"MidOceanRidge",2,0.5,#271293,"MidOceanRidge"
"ActiveContinent",1,0.5,#1005604,"ActiveContinent"
"PitCrater",1,0.5,#662531,"PitCrater"
"Slack",4,0.5,#671934,"Slack"
"Atmosphere",726,0.5,#347503,"Atmosphere"
"Continental",122,0.5,#272474,"Continental"
"Dark",21,0.5,#971658,"Dark"
"Flat",84,0.5,#637364,"Flat"
"Derivative",10,0.5,#427267,"Derivative"
"Ripple",4,0.5,#685396,"Ripple"
"MixedLayer",34,0.5,#874627,"MixedLayer"
"Turbidite",1,0.5,#435852,"Turbidite"
"MudFlat",1,0.5,#954169,"MudFlat"
"Peatland",32,0.5,#872486,"Peatland"
"UShapedValley",1,0.5,#570624,"UShapedValley"
"Temperature",580,0.5,#551793,"Temperature"
"AtmosphericBoundaryLayer",6,0.5,#532714,"AtmosphericBoundaryLayer"
"TemperateClimate",14,0.5,#533544,"TemperateClimate"
"Aquifer",48,0.5,#219139,"Aquifer"
"DryLake",1,0.5,#658291,"DryLake"
"TundraClimate",1,0.5,#420813,"TundraClimate"
"PlanetarySurfaceLevel",1,0.5,#448614,"PlanetarySurfaceLevel"
"GeologicBoundary",1,0.5,#269683,"GeologicBoundary"
"TransformPlateBoundary",1,0.5,#750028,"TransformPlateBoundary"
"SmallConcretion",1,0.5,#322592,"SmallConcretion"
"RiparianZone",2,0.5,#862037,"RiparianZone"
"Moraine",2,0.5,#318498,"Moraine"
"StaticTemperature",32,0.5,#891888,"StaticTemperature"
"Groundwater",274,0.5,#747354,"Groundwater"
"FaultZone",1,0.5,#632504,"FaultZone"
"Turbidity",63,0.5,#783292,"Turbidity"
"TriplePoint",2,0.5,#150971,"TriplePoint"
"Ionosphere",170,0.5,#670705,"Ionosphere"
"Axis",55,0.5,#1005600,"Axis"
"Hinterland",1,0.5,#787675,"Hinterland"
"UndergroundWater",3,0.5,#964282,"UndergroundWater"
"WaveCutPlatform",1,0.5,#439256,"WaveCutPlatform"
"AtmosphereLayer",2,0.5,#951946,"AtmosphereLayer"
"IGRF",3,0.5,#1006602,"IGRF"
"Bar",596,0.5,#105328,"Bar"
"TranstensionalStressRegime",1,0.5,#474017,"TranstensionalStressRegime"
"Hadal",6,0.5,#760271,"Hadal"
"DebrisBasin",1,0.5,#861934,"DebrisBasin"
"isDerivativeOf",1,0.5,#796785,"isDerivativeOf"
"Pasture",9,0.5,#344201,"Pasture"
"Mesopause",31,0.5,#754952,"Mesopause"
"ImpactBasin",1,0.5,#321563,"ImpactBasin"
"LowerAtmosphere",9,0.5,#859118,"LowerAtmosphere"
"Anthromes",2,0.5,#367104,"Anthromes"
"Bay",97,0.5,#873000,"Bay"
"Pole",50,0.5,#868464,"Pole"
"EarthCore",1,0.5,#145883,"EarthCore"
"Dfc",68,0.5,#559259,"Dfc"
"Dfb",35,0.5,#880769,"Dfb"
"WaveAttackZone",1,0.5,#665666,"WaveAttackZone"
"Wind",387,0.5,#553990,"Wind"
"Canal",152,0.5,#239342,"Canal"
"Swamp",32,0.5,#755955,"Swamp"
"Product",704,0.5,#650125,"Product"
"MeanAnnualTemperature",1,0.5,#632147,"MeanAnnualTemperature"
"clusterOf",2,0.5,#482179,"clusterOf"
"hasSecondOperand",1,0.5,#257389,"hasSecondOperand"
"StellarAtmosphere",1,0.5,#773770,"StellarAtmosphere"
"Integral",51,0.5,#635937,"Integral"
"OzoneLayer",10,0.5,#854864,"OzoneLayer"
"Cove",800,0.5,#367576,"Cove"
"SoilLayer",7,0.5,#689139,"SoilLayer"
"EarthMesosphere",1,0.5,#374565,"EarthMesosphere"
"TotalTemperature",4,0.5,#440066,"TotalTemperature"
"AtlanticOcean",289,0.5,#530949,"AtlanticOcean"
"MountainRegion",3,0.5,#538241,"MountainRegion"
"EarthOceanCurrent",1,0.5,#368059,"EarthOceanCurrent"
"Sound",89,0.5,#983049,"Sound"
"hasInterval",1,0.5,#218024,"hasInterval"
"Talik",30,0.5,#685466,"Talik"
"Rough",542,0.5,#655979,"Rough"
"hasSpecies",1,0.5,#964688,"hasSpecies"
"NorthAtlanticCurrent",2,0.5,#881978,"NorthAtlanticCurrent"
"Pond",97,0.5,#262614,"Pond"
"hasSpectralBand",1,0.5,#481422,"hasSpectralBand"
"GlacialPlain",1,0.5,#873450,"GlacialPlain"
"Extratropics",4,0.5,#453049,"Extratropics"
"InversionLayer",2,0.5,#543954,"InversionLayer"
"Yardang",2,0.5,#270390,"Yardang"
"StableBoundaryLayer",1,0.5,#760460,"StableBoundaryLayer"
"Embankment",2,0.5,#268704,"Embankment"
"SupraSubductionZoneComplex",1,0.5,#960515,"SupraSubductionZoneComplex"
"Spit",17,0.5,#669419,"Spit"
"Guyot",3,0.5,#364248,"Guyot"
"StellarRealm",1,0.5,#839859,"StellarRealm"
"ParticulateConstituent",1,0.5,#736703,"ParticulateConstituent"
"Unconfined",2,0.5,#734113,"Unconfined"
"Ocean",802,0.5,#769314,"Ocean"
"AbyssopelagicZone",1,0.5,#966278,"AbyssopelagicZone"
"ConfinedZone",2,0.5,#420057,"ConfinedZone"
"ImpactCrater",2,0.5,#971318,"ImpactCrater"
"Constituent",27,0.5,#874525,"Constituent"
"Plateau",43,0.5,#950440,"Plateau"
"Topsoil",5,0.5,#126648,"Topsoil"
"SouthLatitudeLine",1,0.5,#447106,"SouthLatitudeLine"
"Oikocryst",1,0.5,#125883,"Oikocryst"
"Tropical",70,0.5,#847952,"Tropical"
"FluvialLandform",36,0.5,#337210,"FluvialLandform"
"TabularIceberg",1,0.5,#540866,"TabularIceberg"
"Half",112,0.5,#321664,"Half"
"InterstitialConstituent",1,0.5,#947178,"InterstitialConstituent"
"FractureZone",32,0.5,#658667,"FractureZone"
"ContinentalPlatform",1,0.5,#147074,"ContinentalPlatform"
"PeruCurrent",2,0.5,#441708,"PeruCurrent"
"Subtropical",17,0.5,#839764,"Subtropical"
"Orthomatrix",1,0.5,#841764,"Orthomatrix"
"Batholith",2,0.5,#341636,"Batholith"
"AseismicRidge",1,0.5,#225704,"AseismicRidge"
"Equator",361,0.5,#678462,"Equator"
"SeaIce",183,0.5,#644772,"SeaIce"
"Arroyo",3,0.5,#262256,"Arroyo"
"ComplexCrater",1,0.5,#271798,"ComplexCrater"
"Deformation",53,0.5,#677595,"Deformation"
"Sand",621,0.5,#434331,"Sand"
"Updrift",1,0.5,#878783,"Updrift"
"WaterBodyBoundary",1,0.5,#374101,"WaterBodyBoundary"
"Difference",78,0.5,#899085,"Difference"
"ForelandBasin",1,0.5,#655861,"ForelandBasin"
"Magnetosphere",155,0.5,#662383,"Magnetosphere"
"Confined",4,0.5,#979871,"Confined"
"StressRegime",1,0.5,#337594,"StressRegime"
"Aqueduct",1,0.5,#533915,"Aqueduct"
"FramStrait",1,0.5,#657418,"FramStrait"
"SemiAridClimate",1,0.5,#788644,"SemiAridClimate"
"MarineClimate",1,0.5,#151234,"MarineClimate"
"PolarMarineClimate",1,0.5,#898845,"PolarMarineClimate"
"WaterColumn",6,0.5,#144598,"WaterColumn"
"EarthOcean",1,0.5,#657446,"EarthOcean"
"LowerHeliosphere",1,0.5,#756232,"LowerHeliosphere"
"GeologicFeature",1,0.5,#375356,"GeologicFeature"
"SeaGrass",3,0.5,#525243,"SeaGrass"
"Harbor",16,0.5,#839500,"Harbor"
"hasProcess",1,0.5,#879952,"hasProcess"
"Inversion",43,0.5,#132540,"Inversion"
"measureOf",29,0.5,#259419,"measureOf"
"Vertisol",1,0.5,#232678,"Vertisol"
"Field",493,0.5,#966248,"Field"
"kelvin",10,0.5,#125370,"kelvin"
"Thermokarst",2,0.5,#354386,"Thermokarst"
"Logarithm",8,0.5,#964203,"Logarithm"
"NorthPacificGyre",1,0.5,#560334,"NorthPacificGyre"
"NorthernHemisphere",46,0.5,#461013,"NorthernHemisphere"
"Prarie",1,0.5,#243365,"Prarie"
"dTdh",1,0.5,#855362,"dTdh"
"DeltaBar",1,0.5,#689448,"DeltaBar"
"TropicalRainForestClimate",1,0.5,#224136,"TropicalRainForestClimate"
"Estuary",5,0.5,#683806,"Estuary"
"FreshWater",220,0.5,#861546,"FreshWater"
"Plasmasphere",3,0.5,#989630,"Plasmasphere"
"IceSheet",153,0.5,#432589,"IceSheet"
"Dyke",4,0.5,#972163,"Dyke"
"hasUpperBoundary",1,0.5,#442816,"hasUpperBoundary"
"WaterReserve",1,0.5,#675051,"WaterReserve"
"ThermodynamicQuantity",1,0.5,#440093,"ThermodynamicQuantity"
"DefiniteIntegral",1,0.5,#321643,"DefiniteIntegral"
"ShorePlatform",2,0.5,#120944,"ShorePlatform"
"AblationZone",3,0.5,#576932,"AblationZone"
"FossilPlateBoundary",1,0.5,#861568,"FossilPlateBoundary"
"SaltFlat",1,0.5,#453507,"SaltFlat"
"DewPointTemperature",45,0.5,#550656,"DewPointTemperature"
"Bathyal",1,0.5,#448640,"Bathyal"
"ScalarField",1,0.5,#657818,"ScalarField"
"TernaryOperation",1,0.5,#897854,"TernaryOperation"
"ConvergentPlateBoundary",1,0.5,#321551,"ConvergentPlateBoundary"
"MesopelagicZone",1,0.5,#526496,"MesopelagicZone"
"PlanetaryBoundaryLayer",41,0.5,#764115,"PlanetaryBoundaryLayer"
"TopographicalRegion",1,0.5,#960614,"TopographicalRegion"
"EarthCrust",1,0.5,#866421,"EarthCrust"
"VirtualTemperature",44,0.5,#971704,"VirtualTemperature"
"ColdestMonthTemperature",1,0.5,#528208,"ColdestMonthTemperature"
"WetSummerDryWinterClimate",1,0.5,#688731,"WetSummerDryWinterClimate"
"Asthenosphere",2,0.5,#537883,"Asthenosphere"
"Floe",44,0.5,#472499,"Floe"
"MidLatitude",8,0.5,#466363,"MidLatitude"
"ColdMidlatitudeSteppeClimate",1,0.5,#324072,"ColdMidlatitudeSteppeClimate"
"TranspressionalStressRegime",1,0.5,#678020,"TranspressionalStressRegime"
"Aerosol",229,0.5,#337920,"Aerosol"
"StructuralConfiguration",1,0.5,#452662,"StructuralConfiguration"
"Peat",89,0.5,#376224,"Peat"
"Island",466,0.5,#262696,"Island"
"ClimateClassification",1,0.5,#878596,"ClimateClassification"
"Mohorovi",1,0.5,#239784,"Mohorovi"
"MultipleIntegral",1,0.5,#212771,"MultipleIntegral"
"Arid",20,0.5,#854862,"Arid"
"Plain",459,0.5,#334683,"Plain"
"hasFunction",1,0.5,#315395,"hasFunction"
"NocturnalCooling",1,0.5,#355127,"NocturnalCooling"
"hasOutput",1,0.5,#350267,"hasOutput"
"YellowSeaWarmCurrent",1,0.5,#899261,"YellowSeaWarmCurrent"
"Crust",80,0.5,#973245,"Crust"
"Rift",66,0.5,#971988,"Rift"
"MeanMonthlyTemperature",1,0.5,#272469,"MeanMonthlyTemperature"
"Inceptisol",1,0.5,#651710,"Inceptisol"
"RadiativeZone",1,0.5,#690319,"RadiativeZone"
"TemperateForest",14,0.5,#367240,"TemperateForest"
"OrogenicCollapse",1,0.5,#794397,"OrogenicCollapse"
"UpperAtmosphere",13,0.5,#881256,"UpperAtmosphere"
"HydrosphereFeature",1,0.5,#138863,"HydrosphereFeature"
"ContinentalLithosphere",3,0.5,#213160,"ContinentalLithosphere"
"Sabkha",1,0.5,#323747,"Sabkha"
"River",186,0.5,#453901,"River"
"Division",408,0.5,#664558,"Division"
"RiverBed",2,0.5,#263587,"RiverBed"
"Terracette",1,0.5,#423277,"Terracette"
"Tropics",29,0.5,#753668,"Tropics"
"EarthGeosphere",1,0.5,#460066,"EarthGeosphere"
"ArmoredRelictInclusion",1,0.5,#891320,"ArmoredRelictInclusion"
"KarstLandform",36,0.5,#125376,"KarstLandform"
"SubtropicalClimateZone",1,0.5,#761588,"SubtropicalClimateZone"
"DewPoint",47,0.5,#337338,"DewPoint"
"StellarInterior",1,0.5,#146725,"StellarInterior"
"CoastalMargin",1,0.5,#769447,"CoastalMargin"
"Terrain",208,0.5,#137655,"Terrain"
"FluvialPlain",1,0.5,#970357,"FluvialPlain"
"Tundra",93,0.5,#324413,"Tundra"
"ClastSupportingOrthomatrix",1,0.5,#344513,"ClastSupportingOrthomatrix"
"NorthAtlanticGyre",1,0.5,#166515,"NorthAtlanticGyre"
"DeepOceanBasin",1,0.5,#342540,"DeepOceanBasin"
"ConfinedAquifer",2,0.5,#531698,"ConfinedAquifer"
"MagmaticArc",1,0.5,#945957,"MagmaticArc"
"hasVisibility",1,0.5,#630389,"hasVisibility"
"LandReserve",1,0.5,#121805,"LandReserve"
"BoilingPoint",2,0.5,#638400,"BoilingPoint"
"CentralCreekCrater",1,0.5,#970582,"CentralCreekCrater"
"ActiveRegion",5,0.5,#341236,"ActiveRegion"
"WildlifeRefuge",2,0.5,#769228,"WildlifeRefuge"
"Grass",122,0.5,#734935,"Grass"
"Lake",252,0.5,#272217,"Lake"
"NationalPark",7,0.5,#677504,"NationalPark"
"Ecosystem",530,0.5,#847161,"Ecosystem"
"hasChemicalReaction",1,0.5,#749779,"hasChemicalReaction"
"Bog",47,0.5,#642462,"Bog"
"ColdestMonth",1,0.5,#244620,"ColdestMonth"
"GlobalWarmingPotential",3,0.5,#434827,"GlobalWarmingPotential"
"hasLandUse",1,0.5,#453435,"hasLandUse"
"EUV",46,0.5,#447369,"EUV"
"CaveEcosystem",1,0.5,#433827,"CaveEcosystem"
"hasState",2,0.5,#946258,"hasState"
"Double",10,0.5,#419842,"Double"
"TropicalClimate",3,0.5,#565251,"TropicalClimate"
"DeepOceanCurrent",3,0.5,#354049,"DeepOceanCurrent"
"DivergentBoundary",1,0.5,#111494,"DivergentBoundary"
"CrystallineFramework",1,0.5,#958299,"CrystallineFramework"
"Aquifuge",1,0.5,#853714,"Aquifuge"
"WarmestMonth",1,0.5,#763274,"WarmestMonth"
"NonOrographic",1,0.5,#255656,"NonOrographic"
"TransformMargin",1,0.5,#472099,"TransformMargin"
"rangeOf",29,0.5,#324827,"rangeOf"
"Suture",1,0.5,#434189,"Suture"
"Bedform",4,0.5,#649302,"Bedform"
"Wall",326,0.5,#146281,"Wall"
"Terrane",309,0.5,#768059,"Terrane"
"AnorogenicIgneousRock",1,0.5,#787437,"AnorogenicIgneousRock"
"UpperMantleRigid",1,0.5,#252344,"UpperMantleRigid"
"HotLowLatitudeDesertClimate",1,0.5,#882054,"HotLowLatitudeDesertClimate"
"Seamount",34,0.5,#992654,"Seamount"
"Supercontinent",1,0.5,#972992,"Supercontinent"
"Body",5066,0.5,#871689,"Body"
"KelyphiticRim",1,0.5,#232488,"KelyphiticRim"
"SaturatedZone",6,0.5,#944283,"SaturatedZone"
"Highland",6,0.5,#361480,"Highland"
"Tombolo",2,0.5,#540723,"Tombolo"
"Integration",50,0.5,#422331,"Integration"
"VectorField",1,0.5,#146855,"VectorField"
"Barren",9,0.5,#453181,"Barren"
"VolumeIntegral",1,0.5,#348264,"VolumeIntegral"
"Lithosphere",8,0.5,#426633,"Lithosphere"
"Biharmonic",1,0.5,#355162,"Biharmonic"
"EffectiveTemperature",2,0.5,#324566,"EffectiveTemperature"
"Intertidal",32,0.5,#342016,"Intertidal"
"Subtraction",5,0.5,#121254,"Subtraction"
"DemersalZone",1,0.5,#472425,"DemersalZone"
"SoilOrder",1,0.5,#658466,"SoilOrder"
"Forest",394,0.5,#677280,"Forest"
"LandSurface",602,0.5,#894156,"LandSurface"
"TensorField",1,0.5,#900493,"TensorField"
"FlyschBasin",1,0.5,#748576,"FlyschBasin"
"Configuration",152,0.5,#446479,"Configuration"
"BinaryOperation",1,0.5,#973758,"BinaryOperation"
"Dune",111,0.5,#428854,"Dune"
"BathypelagicZone",1,0.5,#341279,"BathypelagicZone"
"Fault",4984,0.5,#675568,"Fault"
"MechanicalInternalBoundaryLayer",1,0.5,#232323,"MechanicalInternalBoundaryLayer"
"WetSummerClimate",1,0.5,#688362,"WetSummerClimate"
"CrustMantleBoundary",1,0.5,#334760,"CrustMantleBoundary"
"Reef",97,0.5,#839274,"Reef"
"Riparian",31,0.5,#950328,"Riparian"
"Heliopause",1,0.5,#474046,"Heliopause"
"ColdSeep",1,0.5,#775411,"ColdSeep"
"above",69,0.5,#775812,"above"
"Coastal",469,0.5,#550946,"Coastal"
"Landscape",333,0.5,#244284,"Landscape"
"containsMaterial",1,0.5,#553608,"containsMaterial"
"Sum",756,0.5,#839276,"Sum"
"Cryosol",30,0.5,#465877,"Cryosol"
"Land",936,0.5,#747120,"Land"
"Forested",8,0.5,#780941,"Forested"
"GulfStream",6,0.5,#684877,"GulfStream"
"Landform",172,0.5,#734831,"Landform"
"Lamination",2,0.5,#454383,"Lamination"
"VectorValuedOperation",1,0.5,#990597,"VectorValuedOperation"
"SedimentaryRockCement",1,0.5,#336829,"SedimentaryRockCement"
"Eolian",42,0.5,#571200,"Eolian"
"RaisedBank",1,0.5,#362677,"RaisedBank"
"PlanetaryBoundary",41,0.5,#769648,"PlanetaryBoundary"
"Diapir",1,0.5,#663638,"Diapir"
"RearArc",1,0.5,#271234,"RearArc"
"CoastalPlain",2,0.5,#479720,"CoastalPlain"
"SoilHorizon",64,0.5,#244587,"SoilHorizon"
"CarbonateCompensationLevel",1,0.5,#107506,"CarbonateCompensationLevel"
"Woodland",22,0.5,#349625,"Woodland"
"LowLatitude",6,0.5,#373998,"LowLatitude"
"surroundedBy",5,0.5,#452691,"surroundedBy"
"Histisol",1,0.5,#643265,"Histisol"
"Subsurface",15,0.5,#650178,"Subsurface"
"TranstensionalBasin",1,0.5,#750831,"TranstensionalBasin"
"Calf",166,0.5,#370037,"Calf"
"ArcticOcean",47,0.5,#657522,"ArcticOcean"
"Ice",1010,0.5,#237732,"Ice"
"Moho",2,0.5,#134384,"Moho"
"Scrubland",1,0.5,#684239,"Scrubland"
"LandCover",329,0.5,#428528,"LandCover"
"Croplands",4,0.5,#945766,"Croplands"
"BarrierLagoon",1,0.5,#354341,"BarrierLagoon"
"Littoral",3,0.5,#355700,"Littoral"
"PositiveSlope",1,0.5,#630864,"PositiveSlope"
"SouthernOcean",218,0.5,#421941,"SouthernOcean"
"Substratum",3,0.5,#979789,"Substratum"
"Climate",677,0.5,#743912,"Climate"
"Shoal",33,0.5,#462579,"Shoal"
"DenseSettlements",1,0.5,#639443,"DenseSettlements"
"Lopolith",1,0.5,#952974,"Lopolith"
"Process",888,0.5,#644333,"Process"
"inside",23,0.5,#841401,"inside"
"Talus",5,0.5,#734990,"Talus"
"TerrestrialEcosystem",309,0.5,#525274,"TerrestrialEcosystem"
"Wash",234,0.5,#990185,"Wash"
"PseudoEquivalentPotentialTemperature",1,0.5,#557876,"PseudoEquivalentPotentialTemperature"
"OceanicLithosphere",2,0.5,#572006,"OceanicLithosphere"
"SeaSurface",192,0.5,#891427,"SeaSurface"
"DeepSeaTrench",1,0.5,#858626,"DeepSeaTrench"
"Exosphere",3,0.5,#658059,"Exosphere"
"PhoticZone",32,0.5,#993498,"PhoticZone"
"CoastalLandform",36,0.5,#329755,"CoastalLandform"
"SaddlePoint",1,0.5,#419588,"SaddlePoint"
"GlacialOutwashPlain",1,0.5,#466335,"GlacialOutwashPlain"
"Seabed",4,0.5,#219223,"Seabed"
"RockyPitFloorCrater",1,0.5,#125880,"RockyPitFloorCrater"
"EarthExosphere",1,0.5,#853307,"EarthExosphere"
"RetroarcForelandBasin",1,0.5,#973043,"RetroarcForelandBasin"
"BlanketBog",1,0.5,#563737,"BlanketBog"
"Spall",1,0.5,#756538,"Spall"
"Inclusion",14,0.5,#1005365,"Inclusion"
"Cirque",2,0.5,#584936,"Cirque"
"LandRegion",17,0.5,#853235,"LandRegion"
"Melange",1,0.5,#148025,"Melange"
"Pseudomatrix",1,0.5,#210126,"Pseudomatrix"
"Esker",2,0.5,#263046,"Esker"
"Parkland",2,0.5,#108200,"Parkland"
"Scrub",86,0.5,#331584,"Scrub"
"Gorge",4,0.5,#999077,"Gorge"
"NeriticZone",1,0.5,#364186,"NeriticZone"
"Realm",4,0.5,#439682,"Realm"
"TemperatureInversionLayer",1,0.5,#475584,"TemperatureInversionLayer"
"AquaticEcosystem",206,0.5,#664590,"AquaticEcosystem"
"Gelisol",3,0.5,#788616,"Gelisol"
"Saturation",40,0.5,#264741,"Saturation"
"InternationalGeomagneticReferenceField",1,0.5,#146444,"InternationalGeomagneticReferenceField"
"GlacierTerminus",1,0.5,#983046,"GlacierTerminus"
"Adiabatic",3,0.5,#888591,"Adiabatic"
"Depression",5,0.5,#989757,"Depression"
"Cluster",15,0.5,#755442,"Cluster"
"AlluvialPlain",1,0.5,#753880,"AlluvialPlain"
"Till",354,0.5,#670315,"Till"
"ColdMidlatitudeDesertClimate",1,0.5,#564077,"ColdMidlatitudeDesertClimate"
"ConvectionZone",1,0.5,#455637,"ConvectionZone"
"GiantDikeSwarm",1,0.5,#983871,"GiantDikeSwarm"
"SubmarineCanyon",31,0.5,#230230,"SubmarineCanyon"
"Bajada",25,0.5,#262999,"Bajada"
"DeflationZone",1,0.5,#853258,"DeflationZone"
"withRespectTo",52,0.5,#465727,"withRespectTo"
"PelagicSubZone",1,0.5,#144185,"PelagicSubZone"
"Phenoclast",1,0.5,#682888,"Phenoclast"
"Levee",2,0.5,#848885,"Levee"
"Moon",16,0.5,#453641,"Moon"
"Chadacryst",1,0.5,#265154,"Chadacryst"
"CityPark",1,0.5,#845981,"CityPark"
"NationalMonument",2,0.5,#265838,"NationalMonument"
"LineIntegral",1,0.5,#858941,"LineIntegral"
"SouthPacificGyre",1,0.5,#657179,"SouthPacificGyre"
"Catchment",13,0.5,#966252,"Catchment"
"Playa",19,0.5,#637849,"Playa"
"EarthEasternBoundaryCurrent",1,0.5,#683733,"EarthEasternBoundaryCurrent"
"LacustrinePlain",2,0.5,#118410,"LacustrinePlain"
"WaterBodyLayer",1,0.5,#154242,"WaterBodyLayer"
"IntervalQuantity",1,0.5,#531387,"IntervalQuantity"
"Wetland",95,0.5,#167224,"Wetland"
"FrozenGround",181,0.5,#323999,"FrozenGround"
"hasPlanetaryStructure",1,0.5,#226232,"hasPlanetaryStructure"
"TemperatureGradient",3,0.5,#537984,"TemperatureGradient"
"IceShelf",7,0.5,#952886,"IceShelf"
"ConeOfDepression",1,0.5,#526950,"ConeOfDepression"
"DivergentPlateBoundary",1,0.5,#118593,"DivergentPlateBoundary"
"ConvergentMargin",1,0.5,#455128,"ConvergentMargin"
"Valley",53,0.5,#854118,"Valley"
"SaltLake",2,0.5,#848055,"SaltLake"
"CaribbeanSea",282,0.5,#781750,"CaribbeanSea"
"OperationOnFunction",1,0.5,#1005992,"OperationOnFunction"
"Level",917,0.5,#892211,"Level"
"Photosynthesis",125,0.5,#441245,"Photosynthesis"
"Dropstone",1,0.5,#316339,"Dropstone"
"TripleJunction",1,0.5,#167654,"TripleJunction"
"SlipFace",2,0.5,#840514,"SlipFace"
"Mesosphere",24,0.5,#629593,"Mesosphere"
"Scalar",9,0.5,#210572,"Scalar"
"CoreMantleBoundary",1,0.5,#347813,"CoreMantleBoundary"
"IndianOcean",299,0.5,#663256,"IndianOcean"
"PlanetaryLayer",1,0.5,#789795,"PlanetaryLayer"
"InternalBoundaryLayer",1,0.5,#337339,"InternalBoundaryLayer"
"KurishioCurrent",1,0.5,#419468,"KurishioCurrent"
"ContinentalRise",2,0.5,#252933,"ContinentalRise"
"CanaryCurrent",1,0.5,#1005578,"CanaryCurrent"
"BoundaryLayer",64,0.5,#579741,"BoundaryLayer"
"Fraction",61,0.5,#132303,"Fraction"
"HighLatitude",14,0.5,#330752,"HighLatitude"
"Fjord",37,0.5,#1004904,"Fjord"
"Alluvial",2,0.5,#544957,"Alluvial"
"ScrollPlain",1,0.5,#166101,"ScrollPlain"
"NationalForest",4,0.5,#159081,"NationalForest"
"AccretionaryPrism",2,0.5,#649792,"AccretionaryPrism"
"BrightnessTemperature",29,0.5,#651679,"BrightnessTemperature"
"OuterSpace",14,0.5,#154169,"OuterSpace"
"ShatterCone",1,0.5,#350236,"ShatterCone"
"hasBasin",1,0.5,#947565,"hasBasin"
"Dryland",4,0.5,#419944,"Dryland"
"FloodBasalt",1,0.5,#678048,"FloodBasalt"
"Multiplication",2,0.5,#893352,"Multiplication"
"Entisol",1,0.5,#219141,"Entisol"
"Permafrost",97,0.5,#525758,"Permafrost"
"Heliosphere",8,0.5,#469211,"Heliosphere"
"PlutonicStructure",1,0.5,#688756,"PlutonicStructure"
"EastAustraliaCurrent",1,0.5,#356022,"EastAustraliaCurrent"
"Asteroid",4,0.5,#658774,"Asteroid"
"OceanRegion",5,0.5,#439710,"OceanRegion"
"RetroArc",1,0.5,#252340,"RetroArc"
"SouthAtlanticGyre",1,0.5,#429830,"SouthAtlanticGyre"
"BrackishWater",3,0.5,#369161,"BrackishWater"
"GlacialMoraine",1,0.5,#560384,"GlacialMoraine"
"Stream",113,0.5,#376963,"Stream"
"AgulhasCurrent",2,0.5,#563737,"AgulhasCurrent"
"Stratopause",45,0.5,#998195,"Stratopause"
"Ubac",3,0.5,#351232,"Ubac"
"FloodBank",1,0.5,#220164,"FloodBank"
"SurfaceRegion",1,0.5,#1004066,"SurfaceRegion"
"EarthTroposphere",1,0.5,#344170,"EarthTroposphere"
"Cave",63,0.5,#978651,"Cave"
"hasRealm",1,0.5,#875061,"hasRealm"
"Cap",705,0.5,#257795,"Cap"
"TidePool",1,0.5,#158157,"TidePool"
"Environment",722,0.5,#257316,"Environment"
"Rangelands",3,0.5,#145166,"Rangelands"
"Grassland",90,0.5,#428647,"Grassland"
"EquivalentPotentialTemperature",1,0.5,#128395,"EquivalentPotentialTemperature"
"Plasma",27,0.5,#269761,"Plasma"
"NorthLatitudeLine",1,0.5,#461261,"NorthLatitudeLine"
"AbyssalPlain",2,0.5,#452409,"AbyssalPlain"
"Variable",648,0.5,#212200,"Variable"
"EmergentLayer",1,0.5,#644356,"EmergentLayer"
"EuphoticZone",3,0.5,#258907,"EuphoticZone"
"Operation",199,0.5,#138632,"Operation"
"MarineEcosystem",4,0.5,#224499,"MarineEcosystem"
"Substrata",1,0.5,#374998,"Substrata"
"GeologicStructure",2,0.5,#428917,"GeologicStructure"
"DryWinterClimate",1,0.5,#343307,"DryWinterClimate"
"OceanVolume",1,0.5,#113101,"OceanVolume"
"Basin",36,0.5,#855896,"Basin"
"KineticTemperature",2,0.5,#442404,"KineticTemperature"
"AreaIntegral",1,0.5,#257746,"AreaIntegral"
"SeismicZone",1,0.5,#944313,"SeismicZone"
"HighDesert",1,0.5,#528180,"HighDesert"
"SeepageFace",1,0.5,#965186,"SeepageFace"
"TropicalClimateZone",1,0.5,#976691,"TropicalClimateZone"
"Salinity",262,0.5,#677530,"Salinity"
"ContinentalMargin",77,0.5,#895081,"ContinentalMargin"
"KamchatkaCurrent",1,0.5,#978721,"KamchatkaCurrent"
"hasGeomorphologicalType",1,0.5,#357693,"hasGeomorphologicalType"
"Coral",53,0.5,#158960,"Coral"
"hasQuantity",1,0.5,#249497,"hasQuantity"
"WetBulbTemperature",1,0.5,#887688,"WetBulbTemperature"
"CorrosionRim",1,0.5,#351088,"CorrosionRim"
"EarthDLayer",1,0.5,#428226,"EarthDLayer"
"PartialDerivative",3,0.5,#338139,"PartialDerivative"
