science-chemistry,3
travel-tourist destinations-europe,2
finance-personal finance-lending-credit cards,9
education-adult education,1
business and industrial-energy-renewable energy,4
shopping-resources-coupons,5
art and entertainment-visual art and design-sculpture,2
technology and computing-programming languages-c and c++,57
business and industrial-company-merger and acquisition,9
art and entertainment-movies and tv-movies-trailers,1
business and industrial-aerospace and defense-space technology,216
careers-resume writing and advice,2
religion and spirituality-christianity,1
business and industrial-business operations,2
art and entertainment-movies and tv-documentaries,8
business and industrial-business operations-human resources-compensation and benefits,5
business and industrial-agriculture and forestry-food production,1
travel-tourist destinations-canada,6
art and entertainment-movies and tv-television,3
science-physics-optics,2
real estate,3
business and industrial-construction,8
sports-bobsled,2
business and industrial-company-annual report,17
religion and spirituality,1
art and entertainment-music-music genres-easy listening,1
home and garden-bed and bath-bedroom,2
technology and computing-software-net conferencing,4
home and garden-home improvement and repair-locks and locksmiths,1
family and parenting-children-daycare and preschool,1
science-physics-space and astronomy,7
science-biology-zoology-endangered species,7
automotive and vehicles-electric vehicles,1
home and garden-home furnishings-sofas and chairs,7
technology and computing-internet technology-social network,13
business and industrial-energy-oil-oil company,1
science-social science-history-medieval history,1
hobbies and interests-getting published,1
sports-bodybuilding,3
business and industrial-energy-coal,5
travel-tourist destinations-ski resorts,1
home and garden-nursery and playroom,1
science-computer science-cryptography,1
science-geography,6
society-work-retirement,1
technology and computing-data centers,17
automotive and vehicles-vehicle brands-land rover,1
health and fitness-disease-thyroid disease,4
society-work-contracts,1
style and fashion-accessories-gloves,1
hobbies and interests-needlework,1
hobbies and interests-astrology,2
sports-fishing,8
technology and computing-tech news,4
science-physics-electromagnetism,2
technology and computing-computer security-antivirus and malware,8
travel-tourist destinations-caribbean,6
finance-personal finance-insurance-life insurance,1
automotive and vehicles-vehicle brands-toyota,1
science-medicine-surgery-cosmetic surgery,3
finance-grants,13
health and fitness-disease-cold and flu,2
technology and computing-hardware-computer peripherals-printers,3
travel-transports-sea travel-cruises,2
shopping-resources-contests and freebies,2
business and industrial-agriculture and forestry-aquaculture,5
careers-career planning,2
education-special education,1
business and industrial-energy-natural gas,6
shopping-auctions,1
sports-paintball,1
style and fashion-footwear,1
hobbies and interests-games-board games and puzzles,5
home and garden-home furnishings-lamps and lighting,4
technology and computing-consumer electronics-camera and photo equipment-binoculars,1
hobbies and interests-guitar,1
health and fitness-therapy,1
art and entertainment-books and literature-reference books,2
hobbies and interests-inventors and patents,3
business and industrial-company-joint venture,4
science-social science-sociology,1
finance-bank-bank account,11
shopping-gifts-flowers,1
technology and computing-consumer electronics-telephones-mobile phones,10
science-engineering,2
travel,8
education-english as a second language,1
business and industrial-business operations-human resources-payroll services,10
art and entertainment-shows and events-exhibition,3
family and parenting-motherhood,1
finance-personal finance-insurance,9
hobbies and interests-games-chess,1
technology and computing-operating systems-linux,11
law,225
science-geography-topography,9
society-gay life,1
home and garden-gardening and landscaping-gardening,1
food and drink-food-salads,1
business and industrial-agriculture and forestry-crops and seed,20
art and entertainment-movies and tv-movies-reviews,2
science-mathematics-arithmetic,3
art and entertainment-books and literature-magazines,6
sports-surfing and bodyboarding,9
automotive and vehicles-trucks and suvs-pickup trucks,1
travel-hotels,1
business and industrial-energy-renewable energy-wind energy,2
health and fitness-drugs,1
food and drink-cuisines-mexican cuisine,1
technology and computing-technical support,4
travel-transports-air travel-airlines,1
business and industrial-tanning,1
technology and computing-internet technology-web clip art,3
style and fashion-clothing-lingerie,2
finance-personal finance-financial planning-retirement and pension,12
art and entertainment-theatre-theatre awards,1
science-weather-meteorological disaster-flood,15
business and industrial-biomedical,5
science-social science-history-prehistory,1
society-social institution-marriage,2
science-mathematics-geometry,11
home and garden-home improvement and repair-roofing,1
business and industrial-company-bankruptcy,6
food and drink-healthy eating,1
science-ecology-pollution,59
art and entertainment-visual art and design-architecture,3
automotive and vehicles-auto parts,3
technology and computing-enterprise technology-enterprise resource planning,1
technology and computing-hardware-computer,15
finance-investing-options,4
home and garden-home improvement and repair,1
society,32
technology and computing-hardware-computer-portable computer-laptop,2
travel-tourist destinations-theme parks,6
sports-skating-figure skating,2
home and garden-pest control,3
technology and computing-internet technology-web search-people search,1
technology and computing-computer reviews,2
art and entertainment-radio-podcasts,8
science-mathematics,3
business and industrial-advertising and marketing-marketing,11
style and fashion-clothing-hoodies,1
science-physics,14
home and garden-home furnishings-rugs and carpets,1
science-social science-linguistics-translation,17
business and industrial-chemicals industry-plastics and polymers,5
technology and computing-hardware-computer components-sound cards,2
business and industrial-chemicals industry-adhesives,4
society-crime-property crime-usury,2
science-ecology-environmental disaster,1
health and fitness-disease-diabetes,8
business and industrial-record company,1
style and fashion-clothing,1
style and fashion-body art,1
science-social science-philosophy-ethics,2
education-language learning,1
science-weather-meteorological disaster-hurricane,21
technology and computing-consumer electronics-game systems and consoles-playstation,2
technology and computing,231
art and entertainment-music-music reference-sheet music,1
travel-tourist destinations-france,4
sports-bicycling-mountain biking,2
pets-large animals,18
art and entertainment-books and literature-science fiction,3
finance-accounting and auditing,1
hobbies and interests-collecting-stamps and coins,3
food and drink-desserts and baking,1
shopping-resources-consumer protection,1
home and garden,6
hobbies and interests-arts and crafts-crochet,7
art and entertainment,2
health and fitness-disease-cholesterol,1
technology and computing-computer certification,20
pets-birds,1
sports-olympics-paralympic games,1
home and garden-laundry,1
style and fashion-accessories-sunglasses,1
art and entertainment-books and literature-poetry,2
society-work-unemployment,4
society-social institution-divorce,1
education-teaching and classroom resources-lesson plans,4
travel-tourist destinations-africa,6
travel-tourist destinations-spas,1
sports-auto racing-nascar,2
home and garden-home improvement and repair-power tools,1
technology and computing-operating systems-mac os,9
sports-rodeo,2
business and industrial-manufacturing,1
science-biology,2
health and fitness-disease-epilepsy,3
education-alumni and reunions,16
finance-personal finance-lending-home financing,26
business and industrial-logistics-air freight,1
science-social science-history,8
style and fashion-clothing-pants,1
technology and computing-operating systems-unix,22
technology and computing-consumer electronics-audio equipment-speakers,8
travel-tourist destinations-japan,1
sports-skiing,1
business and industrial-agriculture and forestry-agriculture,6
hobbies and interests-games-lottery,2
art and entertainment-music-musical instruments,4
business and industrial-energy-renewable energy-geothermal energy,2
family and parenting-adoption,1
art and entertainment-visual art and design-design-industrial and product design,1
science-social science-history-archaeology,2
health and fitness-disorders,1
sports-sailing,1
art and entertainment-books and literature,63
technology and computing-software,72
technology and computing-hardware-computer components-disks,64
business and industrial-agriculture and forestry-forestry,4
hobbies and interests-arts and crafts-photography,3
art and entertainment-radio,2
technology and computing-software-shareware and freeware,23
travel-specialty travel-vineyards,1
technology and computing-programming languages-java,18
automotive and vehicles-cars-performance vehicles,1
art and entertainment-movies and tv-talk shows,1
business and industrial-business operations-human resources,5
technology and computing-hardware-computer components-memory,1
pets,1
technology and computing-hardware-computer-servers,118
society-crime-personal offense-human trafficking,1
art and entertainment-shows and events-festival,32
business and industrial-energy-nuclear power,13
education-graduate school,6
finance-personal finance-lending-student loans,3
sports-dog sled,2
news,11
science-geology-seismology-earthquakes,20
sports-martial arts,3
society-racism,1
travel-transports-air travel-airplanes,3
technology and computing-consumer electronics-telephones-mobile phones-smart phones,9
automotive and vehicles-boats and watercraft,8
business and industrial-agriculture and forestry-horticulture,1
sports-hockey-field hockey,3
business and industrial,69
society-crime-property crime-fraud,1
style and fashion-accessories-hats,1
science-physics-hydraulics,1
technology and computing-consumer electronics-tv and video equipment-televisions-hdtvs,2
science-geology,5
technology and computing-programming languages,4
travel-tourist facilities-hotel,17
art and entertainment-humor,1
food and drink-beverages-alcoholic beverages-cocktails and beer,2
pets-dogs,1
shopping,1
sports-olympics,1
home and garden-appliances-refrigerators and freezers,1
education-graduate school-college,18
technology and computing-consumer electronics-telephones,2
science-biology-biotechnology,1
technology and computing-software-graphics software,16
hobbies and interests-paranormal phenomena,2
technology and computing-software-graphics software-animation,11
business and industrial-agriculture and forestry-farms and ranches,1
technology and computing-enterprise technology-data management,4
business and industrial-publishing,1
automotive and vehicles-cars,1
technology and computing-consumer electronics-camera and photo equipment-cameras and camcorders-cameras,2
technology and computing-consumer electronics-camera and photo equipment-telescopes,64
society-unrest and war,4
technology and computing-internet technology-chat,2
pets-reptiles,1
science-mathematics-statistics,50
technology and computing-internet technology-isps,1
art and entertainment-music-music genres-ska,1
family and parenting-children,4
art and entertainment-visual art and design-restoration,1
science-computer science,2
technology and computing-hardware-computer peripherals,4
art and entertainment-shows and events-classical concert,1
technology and computing-software-databases,233
shopping-resources-warranties and service contracts,10
science-biology-breeding,2
food and drink-food-baked goods,12
technology and computing-programming languages-javascript,4861
travel-tourist destinations-australia and new zealand,51
science-phyiscs-atomic physics,2
technology and computing-internet technology-web search,28
art and entertainment-movies and tv-action,2
sports-martial arts-karate,1
finance-investing-venture capital,1
health and fitness-disease,16
art and entertainment-shows and events-conference,10
sports-fishing-freshwater fishing,1
science-medicine,4
food and drink-beverages-alcoholic beverages-wine,1
business and industrial-business operations-management-project management,6
art and entertainment-visual art and design-design,17
travel-tourist destinations-national parks,39
technology and computing-hardware-computer networking-router,9
art and entertainment-music-recording industry-record labels,10
pets-cats,1
technology and computing-internet technology-email,58
style and fashion-footwear-shoes,1
society-welfare-healthcare-hospital,4
shopping-gifts-greeting cards,1
shopping-gifts,1
travel-tourist destinations-italy,3
careers,2
sports-rowing,6
education-distance learning,4
business and industrial-advertising and marketing-public relations,2
education-school,20
business and industrial-chemicals industry-dyes and pigments,1
health and fitness-disorders-mental disorder-depression,1
health and fitness-women's health,2
religion and spirituality-christianity-catholicism,2
business and industrial-energy-electricity,3
sports-soccer,1
technology and computing-operating systems,2
health and fitness-nutrition,1
business and industrial-advertising and marketing-telemarketing,3
health and fitness-disease-aids and hiv,1
religion and spirituality-judaism,1
travel-tourist destinations,1
finance-personal finance-insurance-health insurance,5
style and fashion-fashion designers,1
technology and computing-hardware-computer components-chips and processors,1
business and industrial-shipbuilding,1
food and drink,3
science-medicine-genetics,1
travel-tourist destinations-mexico and central america,5
science,322
technology and computing-electronic components,2
art and entertainment-movies-film festivals and awards,2
travel-travel guides,1
art and entertainment-movies and tv-movies,11
"technology and computing-consumer electronics-tv and video equipment-video players and recorders-""blu-ray players and recorders""",1
health and fitness-disease-autism and pdd,1
health and fitness-disorders-mental disorder-panic and anxiety,2
food and drink-beverages-non alcoholic beverages-coffee and tea,3
technology and computing-software-desktop video,9
travel-transports-air travel-helicopters,1
sports-swimming,4
home and garden-environmental safety,10
technology and computing-internet technology-web design and html,5
science-weather-meteorological disaster-tornado,2
business and industrial-energy-renewable energy-solar energy,4
science-weather-meteorological disaster,5
technology and computing-mp3 and midi,7
sports-rugby,5
science-ecology-waste management-recycling,4
science-medicine-surgery,1
finance-investing-stocks,2
sports-skating,1
family and parenting,1
art and entertainment-music-musical instruments-guitars,3
hobbies and interests-reading,7
art and entertainment-movies and tv-children's,1
technology and computing-internet technology-ecommerce,1
family and parenting-motherhood-pregnancy,1
art and entertainment-music-recording industry,1
sports-walking,1
science-computer science-artificial intelligence,1
home and garden-bed and bath-bedroom-beds and headboards,2
health and fitness-disease-cancer,5
science-social science,6
art and entertainment-music,3
science-medicine-medical research,5
technology and computing-consumer electronics-game systems and consoles-xbox,1
science-medicine-psychology and psychiatry,1
art and entertainment-movies and tv-comedies,1
art and entertainment-music-music genres-opera,5
art and entertainment-books and literature-fan fiction,1
business and industrial-energy-oil,12
science-geology-volcanology-volcanic eruptions,1
education,15
science-weather,205
science-ecology,12
health and fitness,10
travel-transports-air travel-airports,10
business and industrial-business operations-business plans,55
business and industrial-business software,3
education-homework and study tips,4
society-work-unions,1
technology and computing-networking-vpn and remote access,11
art and entertainment-music-music genres-country music,1
sports-boxing,1
society-crime-property crime-piracy,1
travel-tourist destinations-seaside resort,1
