language,count
Leaf,84
Lead,838
Helioseismology,3
Leak,6
Continental,186
Heat Exchanger,1
Canopy,7
Metadata,630
Ecosystem Health,10
Workflow,5
Biodiesel,2
Residual,52
Binning,1
Fetch,2
Efficiency,78
Consumptive Use,8
Floe,1
Noon,9
Retreat,61
Industry,366
Patch,17
Sunspot Number,2
Military,168
Reference Frame,7
Steam,20
Altimetry,32
Campaign,241
Sensitivity,11
Dose,9
Trend,257
Scalar,2
Coral Bleaching,2
Sunrise,19
Geyser,18
Average Monthly Precipitation,1
Eddy,16
Version,274
Continuous,38
Monthly Average,13
Twilight,1
Logging,3
Mountain Wave,2
Cover,1323
Time Frame,3
Parameterization,3
Budget,773
Protist,2
Hydration,3
Carbon Offset,1
Dosage,2
Snow Water Equivalent,16
Mist,10
Vorticity,4
Remote Sensing,460
Correction,91
Hail,54
Packaging,4
Inorganic,12
Continent,410
Local Climate,7
Group,2294
Jet,852
Quartile,3
Stratus,1
Spatial Reference System,3
Coastal Plain,20
Airspeed,1
Health,4180
Basic,211
Basin,1314
Shear,10
Circular,37
Star,1656
Data Model,39
Moment,19
Active Region,1
Food Chain,3
Standard Industrial Classification,1
Coordinate,125
Buoy,82
Reflectance,43
Supply,105
Crown,13
Header,98
Level3,1
Increment,2
Available Potential Energy,1
Primary Production,9
Altitude,123
Hurricane,386
Human Capital,38
Rainfall,80
Blowing,2
Format,454
Swell,1
Anatomy,26
Wind Gust,1
Atom,62
Hydrate,15
Magma,4
Civil Aviation,4
Ocean,7420
Vortex,17
Mamma,186
L3,22
L1,28
Sewage,4
Bioluminescence,1
Civil,277
Sphere,12
Trust,216
Regression,5
Tide Gauge,5
Biome,150
Haze,19
Variation,17
Predecessor,1
Local Time,2
Geologic Time,2
Afforestation,1
Molecule,4
Snow Cover,144
Observe,122
Birth,48
Path,654
Check Dam,1
Diffuse,1
Rhyolite,1
Leste,23
Analysis,4550
Simulation,82
Motion,64
Scale Factor,2
Aerial Photography,7
Organism,10
2 D,12
Mechanics,28
Shield,50
Habitat,438
Cobble,1
P D I,2
Laboratory Environment,2
Agriculture,1931
Head Wind,1
Transport,1302
Wildfire,47
Plot,75
Biofuel,24
Investigation,176
Southern Oscillation,13
Cyclone,70
Derivative,10
Air Traffic,24
Type,585
Discovery,421
Data Product,285
Intrusion,1
H C,293
Expansion,22
Transmission,86
Basement,3
Discharge,34
Extension,656
Work,4642
Metal,29
Planet,646
Circuit,39
Microzooplankton,4
Rainwater,1
Chorus,4
Metric,104
Marine Bird,8
Global Change,335
Human,3294
Ripple,1
Curl,3
Depression,12
Vibration,6
Dipole,2
Cell,308
S M I,2
Classify,1
Photometry,1
Excitation,2
Continental Slope,4
Consolidation,12
Mesa,88
Capillary,1
Desert,192
Pacific Decadal Oscillation,8
Search,16221
Census,134
L B S,5
Solid State,7
Ablation,2
Summit,367
Sunset,32
Daytime,1
Velocity,37
Set,7250
In Situ,1
Seq,42
Petrology,3
Snowfall,35
Frequency,40
Relation,649
Land Degradation,2
Scattering,5
Unit,3129
Floor,196
Vertebrate,11
Mine,476
Flood,528
Radar Cross Section,1
Animation,106
Photosphere,2
Noble Gas,2
Flight,1322
Incidence,8
Component,102
Chlorofluorocarbon,2
Disruption,6
Mixing,11
Ash,298
Omega,8
Bank,365
Fault,26
Humidity,19
Inequality,2
Seif,3
Transparency,26
Azimuth,5
Comet,34
Optics,32
Side,52
Vision,321
Mean,73
Heat Flux,11
Marine Ecosystem,53
Paleontology,20
Crop,65
Chronology,8
Wavelength,10
Boundary Layer,18
Dyke,4
Global Positioning System,194
Ridge,1184
Monitor,715
Desertification,4
Flash,67
Perchlorate,1
Geochemistry,23
Vehicle,188
Community Structure,9
Carbon Neutrality,1
Photography,70
Magnetic Pole,1
Free,1142
Sustainability,417
Deposition,24
Diatom,9
Convergence,8
Tremor,3
Momentum,7
Resource Allocation,3
Physiology,49
Air Quality Standard,4
Level,682
Coastal Landform,3
Levee,3
Regional Climate,77
Water Quality,70
Mixing Height,1
Ecology,325
Marine Plant,5
Land Use,41
Rip,31
Reconstructed,3
Rim,17
Pasture,5
Data Structure,6
Chromosphere,1
Epoch,5
Cardiovascular Disease,8
Karst,15
Biology,426
Rise,45
Basalt,4
Interpolate,2
Choice,120
Caldera,8
Jellyfish,1
Tunnel,35
Ensemble Forecast,15
Tree,324
Cylinder,10
Probability,9
Inclusion,134
Focus,214
Brine,10
Dawn,79
Monitoring,466
Metropolitan Statistical Area,7
Electricity,121
Petroleum,79
Snow,5599
Forestry,94
Forest,940
Heat Pump,10
Ice Sheet,1616
Epidemiology,39
Reconstruct,29
Dissolved Oxygen,4
Nighttime,3
Solar Energy,10
Sedimentary,7
Flow,426
Plankton,22
Marine Sediment,84
Energy Budget,8
Flash Flood,9
1 D,37
Hydrological Cycle,1
Rocket,78
Process,1594
Wash,1336
Spacecraft,56
Animate,7
Spiral,10
Flank,1
Social Behavior,4
Sensible Heat,2
Falling,2
Assessment,1209
Reformat,2
Freshwater Ecosystem,2
Tornado,72
Seclusion,1
Freeboard,1
Artifact,17
Time Period,1
Depth Hoar,1
Distance,218
Wave Process,1
Northeaster,55
Doppler Radar,7
Truck,16
Stratigraphic Sequence,1
Root,25
Secondary Wave,2
Boreal Forest,6
Duration,44
Active Layer,19
Native,261
Conversion,27
Parkland,4
Energy Level,1
Dike,6
Carbon Cycle,33
Seabed,4
Branch,207
Northern Hemisphere,216
Deformation,8
Time Series,1
Confluence,10
Sea Ice,6249
Jet Stream,5
Building,352
Biodiversity,124
Fluorescence,7
Corona,60
Morning,114
Length,15
Surface Water,37
Grass,63
Wind,493
Pollen,16
Management System,105
Bomb,23
Puff,3
Shock Wave,1
Water Management,38
Echo,25
G P S,1
G P P,2
Arc,44826
Migration,98
Salt Lake,68
Net Primary Productivity,11
Bounding Box,45
Abyss,1
Time Zone,1
Natural Gas,29
Magnetic Field,47
System,5676
Extraction,38
Conservation,627
Stable,16
Frozen Ground,10
Air Pollution,56
Coastal Margin,2
Ocean Acidification,49
Ha,5987
Thorn,33
Gust,10
Propagation,7
Amphibian,40
Deposit,128
Property,213
System Dynamics,1
Clip,52
Image,3982
Gradient,10
Species,237
Impact Crater,1
Heat Flow,1
Strength,26
Knowledge,201
Environment,4440
Crest,13
Till Plain,1
Belief,5
Smart Grid,9
Atmospheric Pressure,2
Night Wind,1
Curvature,1
Break,125
Pattern,68
Device,109
Precipitation,454
Column,62
Tephra,2
Gray Water,1
Hail Storm,1
Land Cover,113
Phenomena,11
County,1176
Prefix,22
National Park,448
Bowen Ratio,1
Neutrino,7
Normalized,3
Calibration,55
Decision Support System,8
Crater,14
Potential,41
Condensation,2
Sin,389
Alluvial,8
Description,928
Dynamic Topography,2
Envelope,3
Climate Indicator,1161
Photovoltaics,1
Macrophyte,1
Marine Protected Area,37
Lower Atmosphere,4
Weather Condition,4
Environmental Sustainability Index,6
Corrosion,3
Respiration,5
Double,27
Prominence,5
Crop Moisture Index,1
Constant,10
Color,3406
Cold Front,6
Climax,4
Prediction,366
Aqueduct,1
Evaporation,4
Paleoclimatology,90
Crescent,12
Ellipse,3
Spectral,1227
Dead Zone,1
Plume,27
Marin,2497
Evening,8
Dam,164
Standard,1115
Coronal Mass Ejection,6
Lift,10
Environmental Law,24
Day,1717
Carbon Footprint,1
B O D,3
Species Interaction,1
Yield,24
Tsunami,240
Air Traffic Control,10
Barren,2
Fauna,16
Upper Atmosphere,6
Enrichment,26
Exotic,14
Vent,76
Natural Selection,1
Facility,666
Civil Disturbance,1
Terrain,20
Blocking,1
Contracting,81
Horticulture,5
Antenna,28
Ocean Tide,4
Gravity,57
Deficit,5
Invariant,1
Waste,120
Habitat Management,1
Heat,270
Imaging,1699
Flare,82
Energy Flux,23
Mineral,339
t Test,46
Age,4755
Creek,590
Infrastructure,203
Aquaculture,63
Western Boundary Current,1
Extratropical Cyclone,1
Breaker,4
Slope,1329
Reservoir,62
Cascade,27
Behavioral Science,46
Entropy,1
Technology,2634
Bora,8
Matrix,46
Solar Cycle,3
Polarization,3
Decompression,3
Outer Space,6
Node,104
Outgoing,30
Emergency Vehicle,1
Decision Maker,1
Bathymetry,42
Thrust,4
Bog,39
Refrigerator,4
Melting,5
N P P,1
Land Ice,19
Bee,89
Metropolitan Area,8
Groundwater,247
Time,1194
Unmanned,23
Parallel Algorithm,1
Glaciation,1
Family,367
P Mode,18
Reclamation,42
Fern,168
System State,4
Air Transportation,4
Calibrate,5
Archive,7414
Ground,598
Federal,1024
Georeference,5
Integration,96
Mix,52
Geopotential,1
Black Carbon,1
Objective,54
Hearing,43
Induction,7
Coefficient,4
Spit,50
El Nino,141
Fruit,14
Demand,86
Spin,65
National Ambient Air Quality Standard,3
Drain,18
Average,74
Curve,9
Environmental Monitoring,25
Surface Soil,5
Succession,7
Dynamo,1
Model,1331
Burning,54
Radio,591
Infiltration,1
Ship,176
Mold,9
Dew Point Temperature,1
Disturbance,22
Biochemistry,70
Removal,34
Storm Surge,41
Deforestation,13
Direction,334
Fertility,8
Active Continent,1
Environmental Assessment,38
Submarine Canyon,1
Binned,5
Rain,229
P C,267
Detachment,1
Vein,3
Scenario,15
Compliance,209
Maximum,53
Salinity,32
Receiver,26
Emissivity,21
Solar Power,2
Irradiance,34
Stratigraphy,5
Sampling,35
Minimum,50
Measurement,206
Organic Matter,2
Georeferenced,5
Event,2442
B Class,2
Warm Front,1
Tectonic Process,2
Shorten,1
Satellite,2348
Planetary Boundary Layer,7
Peatland,1
Emission,274
Key,4066
Ice Shelf,81
Mountain Region,11
Record,1262
M S A,2
Continental Aerosol,2
Correlation,4
Lahar,1
Milankovitch Cycle,1
Battery,18
Natural Capital,2
L4,35
Endangered Species,14
L2,37
Tensor,2
Cavity,5
Tilt,1
Till,28
Outflow,2
Croplands,5
Leach,8
Quartz,7
Erode,1
Vertical,88
Salt Water,2
Grading,17
Operational Environment,35
Data,85878
Circulation,220
Fertilizer,4
Dew Point,6
Discovery Service,11
History,1491
Atmosphere,1431
Teleconnection,1
Convective Storm,1
Canyon,203
Kinetic Energy,1
Smashing,4
Fast Ice,3
Container,39
Planetary Science,198
Palmer Drought Severity Index,6
Reflectivity,14
Field,3738
Regulation,271
Thermometer,11
Glacial,15
Valley,448
Acidification,59
Calf,4
Rossby Wave,1
Variability,50
Gravity Wave,6
Cloud Condensation Nuclei,2
Drift,76
Mapping,564
Space Travel,2
Dominance,1
Bombardment,1
Half,11
Forested,4
Turbulence,42
Marine Invertebrate,14
N S R,2
Name,844
Archiving,26
Drop,188
Sigma T,2
Energy Source,24
Short Wave,1
Birth Defect,1
Occurrence,10
Residence Time,1
Attrition,1
Array,192
Ascent,3
Primary Productivity,23
Lateral,3
Character,153
Relative Humidity,10
Research,16868
Role,905
Province,1055
Hydrosphere,1209
Thermokarst,4
Vertex,5
Broadleaf,2
Sulfur Cycle,1
Optical Thickness,3
Translation,99
Earthquake,210
Effluent,1
Dominant Species,1
Colloid,6
Ocean Floor,6
White Light,6
Conic,1
Fresh Water,21
Finite Element,1
Ozone Hole,12
Kona,3
Abyssal,1
Pulse Length,1
Cosmic Ray,9
Collector,7
Brightness Temperature,1599
Applied Research,17
Visualize,6
Cyclogenesis,1
Storage,105
Thickness,25
Solstice,1
Spread,20
Location,3060
Fraction,10
Tolerance,18
Impact Assessment,25
Freezing Level,1
Engineering,2748
Trough,16
Trunk,5
Prospecting,2
Potential Vorticity,4
Harbor,119
Air Pressure,2
Soot,1
Vital Statistics,13
Methane Hydrate,2
Magnetogram,2
Sustainable Development,48
General Circulation Model,2
Stability,9
Moraine,1
Albedo,21
Decline,4
Death,21
Genetics,96
Seasonal Ice,1
Decision,223
Epidemic,3
Continental Margin,26
Fill Value,3
Guyot,5
Ambient Air Quality Standard,3
Assembly,385
Degree,380
Geology,400
Shatter,1
Dryland,3
Typhoon,14
Excess,11
Distribution Function,1
M P A,1
Meteorology,1853
Watershed,107
Impedance,2
S W E,1
Sea Level,55
Annual Average,2
Size,631
Dissolved Organic Carbon,1
Decision Tree,5
Buckle,6
Content,752
Subsurface,7
Charge,43
Wood,408
Geodesy,41
Profile,980
Division,2356
Plant,213
Forest Product,4
Plane,667
Highway,630
Ethanol,2
Organic Compound,2
Result,229
Solar Wind,7
Chemical,586
Climate Change,370
Signal,25
Logistic,67
Liquid Water,10
Lightning,101
Physics,611
Administrative Region,1
La Nina,4
Pore,6
Wind Chill,5
Wind Energy,35
Erg,13
Stratocumulus,13
Acceleration,7
Barometric,5
Service,11598
Woodland,10
Optical Depth,18
Volcanic Activity,2
Extraterrestrial,5
Reduction,435
Linear,11
E P I,1
Space Program,9
Dome,320
Pigment,3
Volatile Organic Compound,2
Cloud Cover,23
Separation,16
Supraglacial,1
Bioaccumulation,2
Change,1184
Diffusion,10
Washing,1321
Water Concentration,1
Transform,68
Project,5933
Entrainment,13
Data Mining,39
Water Cycle,14
Chlorophyll,23
Deform,9
Producer,51
Characteristics,91
Geomagnetism,12
Carbon Neutral,1
Operation,932
Recharge,22
Mare,7
Archived,44
Absorption,18
Roughness,3
Lake Effect,1
Mass Concentration,3
Deepening,1
Ozone Depletion,16
Gravitational Wave,2
Government,1183
Zephyr,3
Assimilation,340
Visibility,20
Ion,55
Wake,40
Shift,22
Configuration,33
Interaction,2606
Relief,40
Aeolian,6
Gallego,14
Spectroscopy,10
Signature,56
Elevation,139
Solidification,1
Trace Gas,22
Revolution,80
Transit,210
P D O,1
Tidal Current,4
Fanning,48
Capacity,66
Trapping,4
Rainbow,56
Consistency,11
Bowl,41
Lava,20
Swarm,2
Weather Forecast,170
Dairy,31
Maintenance,76
Vegetation,98
Data State,6
Zooplankton,11
Thunderstorm,19
Collection,16065
Basal,7
Insect,19
Dry Weight,1
Arch,7919
Pipeline,48
Sea Surface,110
Treaty,36
Thermal Energy,1
Spatial Distribution,5
Permit,93
Monsoon,33
Troposphere,3
Trailer,41
Air Quality,402
Platform,2772
Offshore Wind,2
System Component,1
Polarimetry,3
Synergy,1
Attitude,14
Adaptation,32
Twig,2
Heave,2
Cirque,3
Space,4359
Trajectory,32
Acceptance,6
Umbra,2
Production,151
Hydrologic Cycle,1
Neutron,20
Bow Echo,2
Survival,11
Lag,56
Sea Level Pressure,2
F Mode,11
Latent Heat,2
Climate,3144
Subsidence,4
Sea Water,8
Country,1382
Subglacial,13
Element,278
Heat Energy,1
Attenuation,12
Chemoautotroph,1
Subset,93
Torque,3
Thermal,76
Bias,16
Anthromes,6
Geolocate,7
Compression,28
Fit,113
Tube,392
Moon,189
Station,1109
Plateau,40
Ensemble,56
Nadir,6
Ceiling,22
Yeast,1
Thermal Process,1
Boundary Current,1
Fire Weather Index,1
Wind Shear,3
Parallel,46
Training,906
Continental Lithosphere,5
Coral Reef,91
Cross Wind,1
Validation,150
Nursing,301
Oscillation,51
Midnight,6
Inertia,20
Mollusk,2
Ring,238
Impact,411
Flexure,1
Circle,89
Norther,606
Fixation,2
Fossil Fuel,2
Compound,12
Rotation,21
Ocean Wind,2
Katabatic Wind,2
Documentation,348
Power Spectrum,2
Human Dimension,1255
Shore,66
Dimension,1321
Communication,1248
Spreading,11
Cone,5
Differentiation,6
Airplane,2
Conductivity,5
Canal,21
Certificate,147
National Monument,45
Geosphere,44
Top,3316
Wildlands,4
Penalty,6
Screening,34
Animal,303
Evaluation,243
Biogeochemical Cycle,8
Meandering,1
Glass,48
Peat,7
End Time,1
Peak,178
Geomagnetic Field,2
Abundance,7
Raster,14
Release,873
Ecological Dynamics,11
Mask,22
Mass,485
Containment,2
Representation,21
Nonmetal,1
Climatology,114
Quantity,2
Expanding,12
Arctic Oscillation,3
Ocean Circulation,19
Height,133
Resilience,33
Normalize,3
Flow Chart,10
Spectral Analysis,4
Iceberg,8
Radiant Energy,3
Litter,2
Sedimentation,24
Electron,505
Land Management,97
Simulate,11
Fall,345
C O H,1
Shadow,24
Exotic Species,4
Calving,6
Zonal Wind,2
Coordinate System,87
Sensitivity Analysis,1
Scissor,1
State Park,27
Borehole,16
Dust Storm,7
Local Storm,7
Stratosphere,5
File,1117
Fishery,230
Publication,4071
Bottom,31
Transmit,19
Ranking,71
Invertebrate,42
Estimate,73
Valuation,10
Rangelands,5
Sound,940
Reaction,6
Evolution,194
Bar,2172
Bay,1241
Bag,111
Biota,7
Algal Bloom,22
Era,18
Equivalent Temperature,1
Metamorphism,3
Landslide,72
Volcano,113
Mineralogy,3
Resistance,16
Pole,162
Southern Hemisphere,78
Destruction,4
Power Grid,2
Zone,163
Stewardship,68
Mud,13
Complex,119
Competition,111
Resource,7797
Erosion,34
Opacity,1
Medium,114
Collapse,12
Construction,141
Algal,28
Contamination,14
Clast,1
Algae,22
Observation,2275
Brightness,1601
Receive,128
Acoustics,12
Equation,16
Space Weather,205
Ciliate,1
Grain Size,12
Reception,44
Photosynthesis,3
Block,142
Interruption,162
Manned,29
Soil,262
Shape,24
Natural Resource Management Index,12
Shoal,9
Pass,386
Grazing,15
Rover,79
Copyright,2594
Subsetted,4
Chemical Process,1
Greenhouse Gas,51
El Nino Southern Oscillation,4
Thinning,1
Heavy Metal,2
Genesis,10
Filament,12
Transportation,519
C Class,1
Frost,27
Precision,36
Sediment,302
Scaling,8
Aircraft,579
Seismology,44
Offset,16
Constituent,90
Atmospheric Circulation,1
Transmitter,11
Periglacial,17
Delta,181
Heat Budget,20
Geomagnetic Storm,9
Anemometer,4
Tropical Forest,19
Cancer,218
Equator,122
Polynya,6
Volcanic Field,4
Land Resource,16
Spring,1151
Condensation Nuclei,2
Extinction,16
Downdraft,1
Precipitable Water,21
Plate Tectonics,5
Sociology,60
Overlay,17
Power Plant,14
Reformatting,2
Current,2466
Window,181
L W E,2
Moisture,1634
Relative Vorticity,2
Mixing Ratio,5
Arrival,40
Global Warming Potential,2
Shoreline,14
Power,928
Food,704
Invasive Species,54
Difference,60
Trace Metal,1
Recreation,234
Interval,12
Episode,1
Orbit,221
Communications,1030
Depth,124
Grain,24
Drainage,14
Hydraulic Conductivity,1
Sample,185
Edge,110
Fishing,145
Conifer,2
Speed,34
Cloud,313
Environmental Impact Statement,15
Cloud Base,1
cdf,4
Ratio,15
Consumption,16
Temperate Forest,1
Hill,427
Fracture,4
Austral,2611
Sensor,1172
Stream Discharge,20
Radiocarbon,4
Dune,17
Base,1276
Liftoff,1
Intertidal,7
Solar Activity,3
Igneous,1
Value,272
Greco,2
Variance,2
Harmonic,5
Polynomial,1
Insolation,2
Dispersion,6
Fog,35
Water Pollution,12
Playa,5
Fiord,2
Biogeochemistry,36
Gravel,2
Nuclear Fusion,1
Accessing,14
Park,1433
Tundra,31
Solar Radiation,18
Hydrogen Energy,1
Decrease,1
Runway,5
Geospatial Service,7
Departure,6
Harden,6
Sand,544
Optimization,32
Water Flow,5
Renewable Resource,8
Accumulation,16
Ozone Layer,1
Neighborhood,22
Reanalysis,47
Fish,1577
Fish Production,1
Transforming,4
Dehydration,1
Galaxy,62
Coastal,1207
Tectonics,26
pdf,121
Permeability,2
Productivity,118
Temperature,1968
Metamorphic,5
North Atlantic Oscillation,17
Mutation,4
Fossil,24
Crack,12
Rectangle,6
Scintillation,6
Radioisotope,9
Processing,331
Cement,2
Train,2076
O L S,3
Moss,25
Littoral,1
Marine Science,247
Thermocline,4
National Forest,29
Drill,101
Whistler,9
Torrent,1
Feed,999
Classification,2566
Predict,466
Non Ionizing Radiation,1
Swath,65
Control Point,4
Measure,252
Pebble,1
Validated,16
P Wave,4
City,1787
Tropical Storm,3
Delay,32
Vegetation Cover,3
Uptake,4
Silt,1
Indigenous,99
Ecosystem,593
Footprint,12
Tidal,14
Sill,3
Environmental Indicator,10
Streamflow,43
Cow,50
Sea Breeze,1
Marine Mammal,172
Echinoderm,1
Fourier,11
p Value,1
Radiance,13
Mushroom,1
Bandwidth,2
Rate,241
Internal Wave,3
Quality,947
Visualization,275
Villages,6
Attenuation Coefficient,2
Amplitude,1
Oil Spill,88
Dry Lake,1
Nutrient Cycling,1
Marsh,360
Reconstruction,48
Internet,188
Theory,53
Divergence,1
Knowledge Discovery,10
Front,223
Georeferencing,3
Evidence,34
Gyre,5
Dirac,1
Dig,908
Extreme Event,20
Air,2131
Exploration,366
Position,363
Quotient,1
Pollination,1
Phytoplankton,35
Biomass,58
Lifting,4
Tuff,4
Management,2901
D O,211
Encryption,12
Provenance,20
Decile,14
Neutral Gas,1
Resilient,8
Channel,737
Firn,4
Fire,482
Hemisphere,325
Compaction,2
Aviation,510
Substance,46
Particle,53
Economics,264
Desalinization,1
Drinking Water,15
Microscope,3
Loop,112
Pollution,158
Seamount,4
Oil Shale,6
Square,174
Deflection,1
Manure,2
Energy Conservation,4
Pond,74
Overfishing,3
Row,75
Increase,19
Experiment,544
Meteor,2472
Accuracy,20
Boulder,1425
Normal,118
Antenna Temperature,2
Cloud Top,2
Phenology,30
Variable,286
Bond,68
Methodology,13
Circumpolar Current,1
Renewable Energy Source,2
Storm,271
Marine Animal,6
Shock,25
Industrial Product,6
Filter,262
Resolution,1938
Coronal Hole,7
Load,122
Tropical Cyclone,61
Attribute,48
Spall,2
Conductance,1
Wetland,62
Sense,40
Aquatic Ecosystem,2
Belt,48
Orogen,2
Ice,13359
Asteroid,37
A Class,4
Wind Scale,1
Particulate,9
Deviation,7
Map,3026
Barrier,11
Isotope,39
Background,97
Remediation,17
Harvesting,2
Hydrology,177
Reverse,8
Assimilate,5
Granule,30
Flux,179
Scale Height,1
Mapped,10
Output,50
Tree Ring,24
Aa,154
Sequence,52
Flicker,1
Spectrum,56
Radar,344
Processed,14
Feeding,6
Density,25
Cryosol,2
Space Shuttle,113
Cooling,36
State Forest,8
Northwester,74
Continental Rift,2
Environmental Impact,35
Catchment,3
Joint,452
Step,444
Air Space,1
Arroyo,6
Stress,94
Incoming,11
Region,1360
Lagoon,4
Blizzard,14
Planetary Wave,1
Surface,2094
Collision,5
Morphology,3
Mesoscale Eddy,1
Index,1736
Nonlinear,8
Pluton,2
Gridded,82
Radiation,418
Equipment,161
State,16278
Decomposition,5
Criteria,89
Transformation,37
Scaled,1
Landscape Ecology,5
Wind Speed,16
Environmental Performance Index,10
Snowpack,10
Coherent,4
Grid,313
Reef,153
Dissipation,1
Line,310
Ore,405
Regridding,1
Crustacean,2
Global Climate,122
Aerosol,160
Clay,42
Margin,42
Streak,2
Kernel,8
Selection,64
Water Vapor,45
Stream,377
Energy,1838
Recycling,29
Ice Age,6
Drainage Basin,1
Tomography,2
Convection,19
Category,1015
Data Analysis Service,9
Behavior,158
Decay,2
Rock,690
Lagrangian,7
Paleoclimate,1253
Regrid,5
Treatment,61
Input,23
Breathing,1
Gas Hydrate,13
Greenhouse Effect,4
Cross Section,2
Mangrove,14
Count,2730
Inversion,5
Land,7758
Reflection,9
Plain,118
Slide,178
Volcanism,6
Predation,8
Savanna,25
Curate,5
Feedback,453
Radiation Belt,14
Period,240
Clot,25
Policy,5881
Composition,120
Continuity,34
Inundation,30
Activation,18
Wave,159
Spray,5
Geophysics,154
Preference,23
Normalization,2
Oceanology,6
Revegetation,2
Disease,410
Global Warming,95
Grassland,15
Turbidity,5
Marine Climate,12
Geolocation,12
Reptile,6
Livestock,8
Community,1938
Dataset,1759
Weather,2208
Water Content,10
Gamma Ray,8
Interference,10
Meteorite,19
Symbiosis,1
Bird,105
Electric Potential,1
Body,79
Shell,85
Alkane,1
Exchange,1847
Buffer,7
Cove,1359
Allocation,31
Pressure,92
Hot Spot,4
Hypothesis,4
Sink,16
Emergence,2
Temporal Range,1
Slack,1
Population Dynamics,32
Car,4553
Cap,1065
Scavenging,2
Calibrated,3
Batholith,1
Ionizing Radiation,2
Flood Plain,1
Layer,327
Inversion Layer,1
Integral,4
Impact Basin,1
D S S,2
Statistics,634
Network,1647
Agent,203
Breeding,5
Parameter,107
Evergreen,4
Noise,17
Season,257
Freezing,2
Alpine,61
Water Resource,335
Post Processing,3
Surge,344
Verification,79
Alluvium,2
Point,1173
Grade,46
Fold,32
Land Surface,1408
Landscape,71
Ellipsoid,1
Texture,4
Forecast,854
Alloy,8
Flushing,2
Local,2318
Theoretical,23
Ecosystem Service,39
Mass Fraction,2
Farm,232
Norte,8
Spectral Radiance,1
Ionization,2
Connectivity,9
Water Heating,16
Terrestrial Ecosystem,8
Atmospheric Science,267
Kp,1
Wastewater,12
Trophic Dynamics,1
Orientation,190
3 D,8
Distortion,12
Cluster,42
Mixed Layer,8
Angle,26
Continental Shelf,72
Foraminifer,3
Electric Current,6
Overturning,2
Bajada,1
Vegetable,2
Interpolation,5
Development,4760
Oil,434
Parcel,3
Middle Atmosphere,1
Photon,20
Anemone,1
Sea Floor,16
Lamination,2
Diffraction,2
Solution,734
Mode,3026
Horizon,149
Radial,3
Mammal,186
Estuary,17
Growth,38
Bend,31
Slip,10
Sea Level Rise,16
Solar Maximum,15
C M E,2
Error,332
Desert Wind,1
Coordinates,23
Coastal Region,3
Combustion,16
Evacuation,10
Smog,7
p H,216
Shrink,17
Highland,25
Failure,24
Coal,85
Wildlife Refuge,57
River,2510
Geoid,7
Telescope,296
Transpiration,1
Proton,6
Intensity,94
Debris,27
Buoyancy,3
Gross Primary Productivity,10
Air Mass,8
Area,1396
Tropopause,3
Urbanization,29
Source,2419
Ocean Region,16
Interferometry,2
Scrub,5
Aurora,108
Magnetism,8
Restoration,79
Subduction,1
Cycle,384
Sinking,2
Solid Earth,1224
Ocean Ridge,1
Vector,76
Smoke,38
Kame,9
Wasting,23
Radiant Flux,2
Strait,72
Strain,11
Common Sense Climate Index,2
Loop Current,2
Dynamics,594
Wet Deposition,2
Axis,8
Inlet,20
Subside,2
Halogen,4
Landing,67
Oceanography,372
Boundary,21
Ocean Current,12
Health Risk Assessment,4
Phone,535
Total Electron Content,5
Radiative Transfer,7
Horizontal,91
Gridding,3
Optical Instrument,1
Borealis,10
Pyroclastic,1
Flora,23
Center,28776
Face,591
Instability,1
Navigation,837
Bearing,4
Irrigation,8
Force,1072
Fluctuation,1
Jurisdiction,5
Electric Field,15
A D I,1
Contour,13
Latency,2
Polygon,9
Sunlight,10
Mesosphere,1
Cumulus,1
R E L,1
Fuel,99
Beach,193
Eutrophication,1
Fluvial,5
Product,3536
Return,106
Potential Energy,2
Civilian,5
Beat,43
Fourier Transform,5
Geothermal,44
Lichen,13
Drought,190
Fringe,1
Gazetteer,20
Coral,164
Fungi,7
Airport,244
Resonance,9
Tributary,1
Order,442
Fuel Cell,17
Emergent,3
Tide,87
Avalanche,13
Threshold,6
L F C,1
Sea State,3
Verify,7
Cave,21
Access,1440
Anomaly,27
Volume,93
Intertropical Convergence Zone,1
Data Cleaning,5
Eruption,7
Wave Drag,1
Computer Hardware,4
Exposure,64
Curation,68
Qualitative,4
Investigate,10
Landform,12
Mobile Phone,4
Hydrothermal Vent,1
Sustainable,195
Toxicology,99
Proof,5
Data Service,311
Encoding,9
Profession,710
Honey,10
Carbon Sequestration,6
Creep,6
Evapotranspiration,24
Scale,99
Thunder,55
Sum,1175
Thermodynamics,12
Helicopter,11
Crosswalk,1
Meridian,12
New Source Performance Standard,1
Sunspot,23
Solubility,1
Diagenesis,2
Heavy Rainfall,1
Population,168
Algorithm,116
Heating,55
Warm Pool,3
Trench,3
Discrete,8
Range,375
Acoustic,32
Chemistry,417
Distillation,2
Lowland,3
Ionosphere,15
Psychology,91
Energetic Particle,8
Graph,231
Continental Rise,1
Debris Flow,1
Steppe,6
Enforcement,165
Diversity,497
Icing,48
Dusk,1
Protection,594
Dust,50
Climate Model,47
Optimize,2
Condition,448
Limnology,21
Ground Transportation,2
Science,14956
Loess,4
Well,798
Dew,39
Runoff,12
Energy Storage,2
Toxicity,4
Consumer,291
Topography,47
Projection,56
Wall,217
Climate Data Record,8
H R A,1
Geodetics,2
Wastewater Treatment,4
Insulation,10
Proximity,1
Hydrocarbon,8
Derecho,1
Realm,1
Descent,3
Lake,1272
Maturation,1
Instrument,3119
Fjord,15
Function,124
Mining,234
Explosion,3
Fertilization,4
Oxidation,1
Wireless,125
Mouth,3
Barometric Pressure,5
Gorge,5
Structure,624
Loss,56
Spill,104
Route,92
Swamp,10
Magnetosphere,11
Obscuration,4
Crude Oil,11
Pack Ice,1
Upwelling,7
Discover,596
Natural Resource,559
Sleet,7
Standard Deviation,6
Bacteria,14
